title,specs,price,image,link
"Sony Digital Camera ZV-1 Only (Compact, Video Eye AF, Flip Screen, in-Built Microphone, 4K Vlogging Camera for Content Creation) - Black","ZV-1 Only (Compact, Video Eye AF, Flip Screen, in-Built","59,990",https://m.media-amazon.com/images/I/71q04J8-9YL._AC_UY218_.jpg,
Sony New Alpha ILCE-6100X (Previously ILCE-6100Y) with Upgraded SELP1650 (Ver 2) Power Zoom Lens + SEL55210 Lens | 24.2 MP | APS-C Sensor | Fast Auto Focus | Tiltable LCD – Black,ILCE-6100X (Previously ILCE-6100Y) with Upgraded SELP1650 (Ver 2) Power,"76,490",https://m.media-amazon.com/images/I/71SsP7PGEVL._AC_UY218_.jpg,https://www.amazon.in/Sony-ILCE-6100X-Previously-ILCE-6100Y-Upgraded/dp/B0DTK5596V/ref=sr_1_3?tag=nira6studio-21
"LEQTRONIQ Digital Camera, 4k Cameras for Photography & Video, 64MP WiFi Touch Screen Vlogging Camera for YouTube with Flash, 32GB SD Card, Lens Hood, 3000mAH Battery, Front and Rear Cameras - Black","4k Cameras for Photography & Video, 64MP WiFi Touch","15,999",https://m.media-amazon.com/images/I/71UD0DCIVSL._AC_UY218_.jpg,https://www.amazon.in/LEQTRONIQ-Digital-Cameras-Photography-Vlogging/dp/B0D9HJ34SW/ref=sr_1_4?tag=nira6studio-21
"Saneen Digital Camera, 4K Cameras for Photography and Video, 64MP WiFi Touchscreen, Vlogging Camera for YouTube with Flash, 32GB Card, Sunshade, 3000mAh Battery, Front Cameras","4K Cameras for Photography and Video, 64MP WiFi Touchscreen,","13,999",https://m.media-amazon.com/images/I/711X0g9zd5L._AC_UY218_.jpg,https://www.amazon.in/Saneen-Digital-Photography-Vlogging-YouTube/dp/B0CFZRPQMZ/ref=sr_1_5?tag=nira6studio-21
Canon EOS R50 RF-S18-45mm f/4.5-6.3 is STM Mirrorless Camera (Black)- 4K Video Vlogging with 24.2 MP,RF-S18-45mm f/4.5-6.3 is STM Mirrorless Camera (Black)- 4K Video,"64,990",https://m.media-amazon.com/images/I/81LskAU5h1L._AC_UY218_.jpg,https://www.amazon.in/Canon-Digital-Camera-RF-S18-45mm-Black/dp/B0BYZHDRN6/ref=sr_1_6?tag=nira6studio-21
Canon EOS R100 24.1 MP Mirrorless Camera (Black) with RF-S18-45mm f/4.5-6.3 is STM Optical Zoom Lens | 4k Video,24.1 MP Mirrorless Camera (Black) with RF-S18-45mm f/4.5-6.3 is,"44,990",https://m.media-amazon.com/images/I/81Tib6mb8eL._AC_UY218_.jpg,https://www.amazon.in/Canon-Digital-Camera-R100-RF-S18-45mm/dp/B0C8HCLQVC/ref=sr_1_7?tag=nira6studio-21
Sony Alpha ILCE-6700M APS-C Interchangeable-Lens Mirrorless Camera (Body + 18-135 mm Power Zoom Lens) | Made for Creators | 26.0 MP | Artificial Intelligence based Autofocus | 4K 60p Recording - Black,APS-C Interchangeable-Lens Mirrorless Camera (Body + 18-135 mm Power,"1,58,990",https://m.media-amazon.com/images/I/71NZHYzkyzL._AC_UY218_.jpg,https://www.amazon.in/Sony-ILCE-6700M-Interchangeable-Lens-Mirrorless-Intelligence/dp/B0CNRZ7X7T/ref=sr_1_8?tag=nira6studio-21
"DJI Osmo Pocket 3 Creator Combo, Vlogging Camera with 1'' CMOS & 4K/120fps Video, 3-Axis Stabilization, Face/Object Tracking, Fast Focusing, Mic Included for Clear Sound, Small Camera for Photography","3 Creator Combo, Vlogging Camera with 1'' CMOS &","60,990",https://m.media-amazon.com/images/I/51d4Esi79-L._AC_UY218_.jpg,https://www.amazon.in/DJI-Vlogging-Stabilization-Tracking-Photography/dp/B0CG19FGQ5/ref=sr_1_9?tag=nira6studio-21
Canon EOS R8 Smartchoice Full-Frame 24.2 MP Mirrorless Camera Body | 4K Full HD Video Recording | (Black),Smartchoice Full-Frame 24.2 MP Mirrorless Camera Body | 4K,"1,07,990",https://m.media-amazon.com/images/I/61bpFmbi99L._AC_UY218_.jpg,https://www.amazon.in/Canon-Full-Frame-Mirrorless-Camera-Processor/dp/B0BYHHMFY6/ref=sr_1_10?tag=nira6studio-21
"Sony Alpha ZV-E10L 24.2 Mega Pixel Interchangeable-Lens Mirrorless vlog Camera with 16-50 mm Lens, Made for Creators | APS-C Sensor | Advanced Autofocus | Clear Audio & 4K Movie Recording - White",24.2 Mega Pixel Interchangeable-Lens Mirrorless vlog Camera with 16-50,"61,490",https://m.media-amazon.com/images/I/71AJ6LicHkL._AC_UY218_.jpg,https://www.amazon.in/Sony-ZV-E10L-Interchangeable-Lens-Mirrorless-Autofocus/dp/B0F8J6L4GL/ref=sr_1_13?tag=nira6studio-21
"KODAK PIXPRO AZ405-BK 20MP Digital Camera 40X Optical Zoom 24mm Wide Angle Lens Optical Image Stabilization 1080P Full HD Video 3"" LCD Vlogging Camera (Black)",20MP Digital Camera 40X Optical Zoom 24mm Wide Angle,"28,499",https://m.media-amazon.com/images/I/81C9A0E+8TL._AC_UY218_.jpg,https://www.amazon.in/KODAK-PIXPRO-AZ405-BK-Digital-Optical/dp/B0BLLCJ963/ref=sr_1_14?tag=nira6studio-21
"LEQTRONIQ 8K Video Camera Camcorder with 48MP Resolution, IR Night Vision, WiFi, 3"" Touch Screen, 18X Digital Zoom, and Accessories for YouTube Vlogging","Camera Camcorder with 48MP Resolution, IR Night Vision, WiFi,","13,508",https://m.media-amazon.com/images/I/6181ohrpmTL._AC_UY218_.jpg,https://www.amazon.in/LEQTRONIQ-Resolution-Digital-Accessories-Vlogging/dp/B0FND5F7SV/ref=sr_1_15?tag=nira6studio-21
"DJI Osmo Action 4 Standard Combo - 4K/120Fps Waterproof Action Digital Camera with A 1/1.3-Inch Sensor, 10-Bit & D-Log M Color Performance, Outdoor Digital Camera for Travel, Biking",4 Standard Combo - 4K/120Fps Waterproof Action Digital Camera,"24,990",https://m.media-amazon.com/images/I/71wlB2kVc+L._AC_UY218_.jpg,https://www.amazon.in/DJI-Osmo-Action-Standard-Combo/dp/B0C783YNW7/ref=sr_1_16?tag=nira6studio-21
Sony Alpha ZV-E10M2K 26 MP Interchangeable Lens Mirrorless Vlog Camera for Creators (16-50mm Power Zoom Lens) | APS-C Sensor | 4K 60p with 10bit 4:2:2 Recording - (Black),26 MP Interchangeable Lens Mirrorless Vlog Camera for Creators,"96,990",https://m.media-amazon.com/images/I/81ST9EJe9QL._AC_UY218_.jpg,https://www.amazon.in/Sony-ZV-E10M2K-Interchangeable-Mirrorless-Creators/dp/B0DJSLJYCF/ref=sr_1_17?tag=nira6studio-21
Video Camera Camcorder kimire Digital Camera Recorder Full HD 1080P 15FPS 24MP 3.0 Inch 270 Degree Rotation LCD 16X Digital Zoom Camcorder Camera with 2 Batteries(Black),kimire Digital Camera Recorder Full HD 1080P 15FPS 24MP,"7,999",https://m.media-amazon.com/images/I/71C6TFutbeL._AC_UY218_.jpg,https://www.amazon.in/Camcorder-Digital-Recorder-Rotation-Batteries/dp/B08K7HFMX4/ref=sr_1_18?tag=nira6studio-21
"MAXXOX Mobile Camera Lens, 0.45X Super Wide Angle Lens, 15X Macro Lens, Clip-On 2 in 1 Professional Kit for TIK Tok, Vlog, YouTube, Reels Compatible with All Smartphones-(Black)","Lens, 0.45X Super Wide Angle Lens, 15X Macro Lens,",299,https://m.media-amazon.com/images/I/41u6q7Dd+JL._AC_UY218_.jpg,https://www.amazon.in/MAXXOX-Professional-YouTube-Compatible-Smartphones/dp/B0DDLK435M/ref=sr_1_19?tag=nira6studio-21
"Adofys 76” Professional Aluminium Camera Tripod with Travel Bag and Phone Holder |Operating Height: 76 inch | Maximum Load Capacity up to 10kg | Compatible with All Cameras, Cell Phones, Projector",Aluminium Camera Tripod with Travel Bag and Phone Holder,"1,705",https://m.media-amazon.com/images/I/81IxWPBjguL._AC_UY218_.jpg,https://www.amazon.in/Adofys-Professional-Aluminium-Camera-Operating/dp/B0F8W8B8WS/ref=sr_1_20?tag=nira6studio-21
Nikon Z 8 with Zoom Lens | Professional Full-Frame mirrorless Hybrid Stills/Video Hybrid Camera with 24-120mm f/4 Lens | Nikon USA Model,with Zoom Lens | Professional Full-Frame mirrorless Hybrid Stills/Video,"5,39,938",https://m.media-amazon.com/images/I/91Schv+IZqL._AC_UY218_.jpg,https://www.amazon.in/Nikon-Professional-full-frame-mirrorless-24-120mm/dp/B0C4Q7ZBLS/ref=sr_1_19?tag=nira6studio-21
"GoPro HERO12 Waterproof Action Camera with Front & Rear LCD Screens, 5.3K60 Ultra HD Video, HyperSmooth 6.0 + AutoBoost, Live Streaming with Enduro Battery (1-Yr International + 1-Yr India Warranty)","Action Camera with Front & Rear LCD Screens, 5.3K60","29,990",https://m.media-amazon.com/images/I/61dUvabnSmL._AC_UY218_.jpg,https://www.amazon.in/GoPro-Waterproof-HyperSmooth-AutoBoost-International/dp/B0CGRHHGBH/ref=sr_1_20?tag=nira6studio-21
"Panasonic AG-CX8ED 4K Professional Camcorder, 24x Optical Zoom, Black","Professional Camcorder, 24x Optical Zoom, Black","1,59,989",https://m.media-amazon.com/images/I/31Z-KeQNmlL._AC_UY218_.jpg,https://www.amazon.in/Panasonic-AG-CX8ED-4K-Professional-Camcorder/dp/B09RQPJ66Q/ref=sr_1_21?tag=nira6studio-21
"Saneen Digital Camera for Photography, 4K 64MP WiFi Touch Screen Vlogging Camera with Flash, 32GB Micro Card, Lens Hood, 3000mAH Battery, Front and Rear Cameras, 4?Big Screen, Hot Shoe Interface-Black","for Photography, 4K 64MP WiFi Touch Screen Vlogging Camera","13,131",https://m.media-amazon.com/images/I/718Rc+uhlAL._AC_UY218_.jpg,https://www.amazon.in/Saneen-Digital-Photography-Vlogging-Interface/dp/B0CVX7DWP2/ref=sr_1_22?tag=nira6studio-21
"KODAK PIXPRO FZ45-WH 16MP Digital Camera 4X Optical Zoom 27mm Wide Angle 1080P Full HD Video 2.7"" LCD Vlogging Camera (White)",16MP Digital Camera 4X Optical Zoom 27mm Wide Angle,"14,299",https://m.media-amazon.com/images/I/71iABxYS-eL._AC_UY218_.jpg,https://www.amazon.in/KODAK-Friendly-FZ45-WH-Digital-Optical/dp/B0B8PD8TTP/ref=sr_1_23?tag=nira6studio-21
"Sony Alpha ILCE-7M4 Full-Frame Hybrid Camera 33MP Interchangeable-Lens Mirrorless Camera Body (4K 60P Video Recording, Real-Time Eye AF for Humans, Birds, Animals) - Digital_Zoom, Black,",Full-Frame Hybrid Camera 33MP Interchangeable-Lens Mirrorless Camera Body (4K,"1,86,990",https://m.media-amazon.com/images/I/71Etp9En7tL._AC_UY218_.jpg,https://www.amazon.in/Sony-ILCE-7M4-Full-Frame-Interchangeable-Lens-Mirrorless/dp/B09SB6H876/ref=sr_1_24?tag=nira6studio-21
"VJIANGER 4K Digital Camera For Photography, 64MP, 18X Digital Zoom Point And Shoot Vlogging Camera with 32GB Micro SD Card for Beginner, Youtube, Black","Camera For Photography, 64MP, 18X Digital Zoom Point And","7,511",https://m.media-amazon.com/images/I/71LaQQPOhXL._AC_UY218_.jpg,https://www.amazon.in/VJIANGER-Digital-Photography-Vlogging-Beginner/dp/B0BQRVCGHC/ref=sr_1_25?tag=nira6studio-21
"Canon EOS 5D Mark IV DSLR Camera with EF 24-105mm f/4L is II USM Lens | Full-Frame 30.4MP, 4K Video, Dual Pixel CMOS AF | Professional Photography Kit (1483C010) + Canon Shoulder Bag + 64GB Card",Mark IV DSLR Camera with EF 24-105mm f/4L is,"5,66,332",https://m.media-amazon.com/images/I/81-arxDdEjL._AC_UY218_.jpg,https://www.amazon.in/Canon-24-105mm-Full-Frame-Professional-Photography/dp/B0FM5VG4FV/ref=sr_1_26?tag=nira6studio-21
Fujifilm X-M5 26.1MP APS-C X-Trans CMOS 4 with 15-45 f/3.5-5.6 Lens|Retro Style mirrorless Compact Travel Camera|6.2k vlogging|High Speed Recording FHD 240fps|Advance AF for Street/Lifestyle - Black,APS-C X-Trans CMOS 4 with 15-45 f/3.5-5.6 Lens|Retro Style,"88,000",https://m.media-amazon.com/images/I/71L6BRXIE5L._AC_UY218_.jpg,https://www.amazon.in/Fujifilm-mirrorless-vlogging-Recording-Lifestyle/dp/B0DJC2HXF9/ref=sr_1_29?tag=nira6studio-21
"Cason 48MP Digital Camera for Kids-Real Photo & Video Mini Camera for Photography 2.4” Rotating Screen, Built in Games Kids Cameras for 5-15 Years Girls & Boys(Supports Upto 64GB Memory)",Camera for Kids-Real Photo & Video Mini Camera for,"2,499",https://m.media-amazon.com/images/I/71NwinsKkSL._AC_UY218_.jpg,https://www.amazon.in/Digital-Kids-Real-Photography-Rotating-Cameras/dp/B0F2GW7CBS/ref=sr_1_30?tag=nira6studio-21
"insta360 X3 Action Camera, 1/2"" Sensor, 5.7K 360 Capture, Optical Zoom 3X, 72 MP 360 Photo, 4K Single Lens Mode, Black","Camera, 1/2"" Sensor, 5.7K 360 Capture, Optical Zoom 3X,","25,990",https://m.media-amazon.com/images/I/610NQUzk2xL._AC_UY218_.jpg,https://www.amazon.in/insta360-Action-Camera-Capture-Optical/dp/B0BCW1S7XR/ref=sr_1_31?tag=nira6studio-21
"Nikon Digital Camera Z8 Kit (64 MP) with Z 24-120Mm F/4S Lens,128 Gb Cf Card,&En-El15C Battery,Black","Z8 Kit (64 MP) with Z 24-120Mm F/4S Lens,128","3,55,270",https://m.media-amazon.com/images/I/41Lh+gUzLzL._AC_UY218_.jpg,https://www.amazon.in/Nikon-Digital-Z8-24-120Mm-En-El15C/dp/B0C6MGDTKX/ref=sr_1_32?tag=nira6studio-21
"Panasonic LUMIX S5II Mirrorless Camera, 24.2MP Full Frame, Phase Hybrid AF, Active I.S. Technology, Unlimited Recording, 20-60mm F3.5-5.6 & 50mm F1.8 L Mount Lenses, LUMIX Camera - DC-S5M2WK9","Mirrorless Camera, 24.2MP Full Frame, Phase Hybrid AF, Active","3,95,998",https://m.media-amazon.com/images/I/71Mz5DiY7xL._AC_UY218_.jpg,https://www.amazon.in/Panasonic-Mirrorless-Technology-Unlimited-Recording/dp/B0G2C9PFPS/ref=sr_1_33?tag=nira6studio-21
"Insta360 X5 - Waterproof 8K 360° Action Camera, Leading Low Light, Invisible Selfie Stick Effect, Rugged and Replaceable Lens, 3-Hour Battery, Built-in Wind Guard, Stabilization, Triple AI Chip Design","Waterproof 8K 360° Action Camera, Leading Low Light, Invisible","57,990",https://m.media-amazon.com/images/I/71QlOD0rTzL._AC_UY218_.jpg,https://www.amazon.in/Insta360-Waterproof-Replaceable-Built-Stabilization/dp/B0F3P4G8SY/ref=sr_1_34?tag=nira6studio-21
IZI One Lite 5K Action Camera 4K 60FPS 50MP Ultra HD Dual Screen EIS Stabilization 170° Wide Angle 30M Waterproof 2 Batteries 180 Min 18+ Accessories 256GB Support for Sports Bike Diving Vlog Travel,5K Action Camera 4K 60FPS 50MP Ultra HD Dual,"6,849",https://m.media-amazon.com/images/I/71pHKZ+trZL._AC_UY218_.jpg,https://www.amazon.in/IZI-Lite-Action-Camera-Stabilization/dp/B0DR2WJGCJ/ref=sr_1_35?tag=nira6studio-21
"Nikon RED Z Cinema | ZR Cinema Camera | 32-Bit Float Audio RED Color Science 6K Full-Frame Camera Body with 4"" DCI-P3 Monitor",Cinema | ZR Cinema Camera | 32-Bit Float Audio,"1,79,040",https://m.media-amazon.com/images/I/91W0hZBrLfL._AC_UY218_.jpg,https://www.amazon.in/Nikon-Cinema-Science-Full-Frame-Monitor/dp/B0FPXLG8X7/ref=sr_1_36?tag=nira6studio-21
"4K Ultra HD Digital Camera, 56MP Point & Shoot with 20X Zoom, Anti-Shake, Autofocus, Dual Battery – Compact Photography Camera for Adults & Beginners (Black)","Digital Camera, 56MP Point & Shoot with 20X Zoom,","4,800",https://m.media-amazon.com/images/I/513z21-m56L._AC_UY218_.jpg,https://www.amazon.in/Digital-Camera-Anti-Shake-Autofocus-Battery/dp/B0GNHKQ6MD/ref=sr_1_35?tag=nira6studio-21
"Focusify Digital Camera, 4K Ultra HD Cameras for Photography, Digital Point and Shoot Camera with 56Mp Autofocus 20X Zoom Anti Shake, Video Camera with 32GB Card for Kids, Teens, Beginners(Black)","4K Ultra HD Cameras for Photography, Digital Point and","4,699",https://m.media-amazon.com/images/I/61xl4inLS5L._AC_UY218_.jpg,https://www.amazon.in/Focusify-Digital-Photography-Autofocus-Beginners/dp/B0D5H9XTZW/ref=sr_1_36?tag=nira6studio-21
"LEQTRONIQ Digital Camera for Photography, 4K, 64MP Vlogging Camera for YouTube, 3"" 180° Flip Screen 18X Digital Zoom Compact Vlog Travel Camera with 4K WiFi, 32GB TF Card & 1 Batteries, Black","for Photography, 4K, 64MP Vlogging Camera for YouTube, 3""","8,079",https://m.media-amazon.com/images/I/71thlQjAGNL._AC_UY218_.jpg,https://www.amazon.in/LEQTRONIQ-Digital-Photography-Vlogging-Batteries/dp/B0DT9Z5GDL/ref=sr_1_37?tag=nira6studio-21
DEATTI4K 30FPS Action Camera Ultra HD Underwater Camera 170 Degree Wide Angle 98FT Waterproof Camera (DECM51),Camera Ultra HD Underwater Camera 170 Degree Wide Angle,"1,595",https://m.media-amazon.com/images/I/61nZFhJc1yL._AC_UY218_.jpg,https://www.amazon.in/DEATTI4K-Action-Camera-Underwater-Waterproof/dp/B0FHJNL184/ref=sr_1_38?tag=nira6studio-21
"Tygot X2 Pro Professional 70 Inch (180 cm) Tripod for DSLR, Camera | Height: 5.9 Feet | Max Load: 5kg | Portable Lightweight ABS+Metal Tripod | 360° Ball Head | Carry Bag (Black)","Professional 70 Inch (180 cm) Tripod for DSLR, Camera","1,299",https://m.media-amazon.com/images/I/71f8gALBRfL._AC_UY218_.jpg,https://www.amazon.in/Tygot-X2-Pro-Professional-Tripod/dp/B0DK7BQ7DL/ref=sr_1_39?tag=nira6studio-21
"Digitek DAC 002 5K Ultra HD Action Camera - 24MP, 100ft Waterproof, 128GB Support, Dual 1350mAh Batteries, EIS Stabilization, HDMI Output, Inbuilt & External Mic, Speaker - Perfect for Adventure!","5K Ultra HD Action Camera - 24MP, 100ft Waterproof,","6,599",https://m.media-amazon.com/images/I/61Md360e+kL._AC_UY218_.jpg,https://www.amazon.in/Digitek-Ultra-Action-Camera-Stabilization/dp/B0C8TB467Y/ref=sr_1_40?tag=nira6studio-21
Sony New Alpha ILCE-6400K (Previously ILCE-6400L) with Upgraded SELP1650 (Ver 2) Power Zoom Lens | 24.2MP | APS-C Sensor | Fast Auto Focus | 4K Vlogging Camera | Tiltable LCD – Black,ILCE-6400K (Previously ILCE-6400L) with Upgraded SELP1650 (Ver 2) Power,"76,990",https://m.media-amazon.com/images/I/816sNzQ+mhL._AC_UY218_.jpg,https://www.amazon.in/Sony-ILCE-6400K-Previously-ILCE-6400L-Upgraded/dp/B0DTK448TQ/ref=sr_1_41?tag=nira6studio-21
KTG 4K 30Fps Action Ultra Hd Camera with Accessories Kit WiFi 16 MP170 Degree Wide Angle Lens 98FT Underwater Waterproof ditgital Camera YouTube Vlogging Bike Helmet vlogging Easy to use Safe (Black),Action Ultra Hd Camera with Accessories Kit WiFi 16,"1,495",https://m.media-amazon.com/images/I/61126QGucML._AC_UY218_.jpg,https://www.amazon.in/Accessories-Underwater-Waterproof-ditgital-Vlogging/dp/B0G1ZFP9KL/ref=sr_1_42?tag=nira6studio-21
"Professional Digital Camera for Photography, Compact Point and Shoot Digital Camera","for Photography, Compact Point and Shoot Digital Camera","19,718",https://m.media-amazon.com/images/I/71HFWpQtw3L._AC_UY218_.jpg,https://www.amazon.in/Professional-Digital-Camera-Photography-Compact/dp/B0FRFFTR7T/ref=sr_1_45?tag=nira6studio-21
Canon EOS R5 Mark II 45MP Full-Frame Mirrorless Camera Body Only (8K RAW & 4K 120p Video) - Black,Mark II 45MP Full-Frame Mirrorless Camera Body Only (8K,"3,67,199",https://m.media-amazon.com/images/I/71I-hjr0yeL._AC_UY218_.jpg,https://www.amazon.in/Canon-EOS-R5-Mark-Body/dp/B0DC6BF2P5/ref=sr_1_46?tag=nira6studio-21
securinnov 1080P Full HD Spy Pen Camera | Invisible Lens for Secret Evidence & Operations | Professional Hidden Video & Audio Recorder for Home Office & Meetings | Indoor Outdoor Usage (Pen Camera),HD Spy Pen Camera | Invisible Lens for Secret,"1,989",https://m.media-amazon.com/images/I/413yeNEGuQL._AC_UY218_.jpg,https://www.amazon.in/securinnov-Invisible-Evidence-Operations-Professional/dp/B0GYN7QVWM/ref=sr_1_47?tag=nira6studio-21
Sony Alpha ILCE-7RM5 Full-Frame High Resolution 61 MP Camera|Artificial Intelligence for Human Pose Estimation|Real-time AF for Human/Animals/Birds/Insects/Train/Cars/Aeroplanes|Movie Recording 8k 24p,Full-Frame High Resolution 61 MP Camera|Artificial Intelligence for Human,"3,14,990",https://m.media-amazon.com/images/I/71jAX38yM9L._AC_UY218_.jpg,https://www.amazon.in/Sony-ILCE-7RM5-Full-Frame-Resolution-Intelligence/dp/B0BYF71TLG/ref=sr_1_48?tag=nira6studio-21
DEATTI Action Camera 1080P 12MP Sports Camera Full HD 2.0 Inch Action Cam 30m/98ft Underwater Waterproof Camera with Mounting Accessories (DECM4),1080P 12MP Sports Camera Full HD 2.0 Inch Action,"1,299",https://m.media-amazon.com/images/I/71W+dSyLXAL._AC_UY218_.jpg,https://www.amazon.in/DEATTI-Underwater-Waterproof-Mounting-Accessories/dp/B0FGWCHZ25/ref=sr_1_49?tag=nira6studio-21
Fujifilm X-T5 40MP APS-C X-Trans Sensor|Smartchoice|Pixel Shift|IBIS System|Ultra high Resolution mirrorless Camera|6k 30p|Quick Lever for Photo/Video with XF 16-50mm f/2.8-4.8 Lens -Silver,APS-C X-Trans Sensor|Smartchoice|Pixel Shift|IBIS System|Ultra high Resolution mirrorless Camera|6k,"1,84,999
.",https://m.media-amazon.com/images/I/71lsqLRsuPL._AC_UY218_.jpg,https://www.amazon.in/Fujifilm-X-trans-resolution-mirrorless-shutter/dp/B0D6Z4WGCZ/ref=sr_1_50?tag=nira6studio-21
"Sony Alpha ILCE-7M4K Full-Frame Hybrid Camera 33MP Interchangeable-Lens Mirrorless Camera with 28-70mm Digital Zoom Lens | 4K 60P Video Recording | Real-Time Eye AF for Humans, Birds, Animals - Black",Full-Frame Hybrid Camera 33MP Interchangeable-Lens Mirrorless Camera with 28-70mm,"1,96,490",https://m.media-amazon.com/images/I/81Tr3Jo8DvL._AC_UY218_.jpg,https://www.amazon.in/Sony-ILCE-7M4K-Full-Frame-Interchangeable-Lens-Mirrorless/dp/B09SB2P8J5/ref=sr_1_51?tag=nira6studio-21
"DJI Osmo Action 6 Standard Combo, Action Camera with 1/1.1"" Square Sensor, Variable Aperture of f/2.0–f/4.0, Cold-Resistant, 4hrs Battery, Action Camera 4K Ideal for Quick Capture of Exciting Moments","6 Standard Combo, Action Camera with 1/1.1"" Square Sensor,","44,990",https://m.media-amazon.com/images/I/71KHDWfmgzL._AC_UY218_.jpg,https://www.amazon.in/DJI-Standard-Variable-Aperture-Cold-Resistant/dp/B0FM3X3DW5/ref=sr_1_52?tag=nira6studio-21
Canon EOS R6 Mark III Mirrorless Camera Body | 32.5MP Full-Frame | 7K Video | Advanced Autofocus | Open gate| Dual Aspect Recording | Log 2 | Type A HDMI,Mark III Mirrorless Camera Body | 32.5MP Full-Frame |,"2,34,990",https://m.media-amazon.com/images/I/71Umo+krdnL._AC_UY218_.jpg,https://www.amazon.in/Canon-Mirrorless-Full-Frame-Autofocus-Recording/dp/B0G12KKG7L/ref=sr_1_51?tag=nira6studio-21
"DDLC Professional V380 Pro 3-in-1 12MP HD Triple-Lens IP Camera |View, Multi-User Sharing, TF Memory Card & Cloud Storage, AI Humanoid Tracking, Weatherproof IP66 Rating (Triple Lens ptz)","Pro 3-in-1 12MP HD Triple-Lens IP Camera |View, Multi-User","4,699",https://m.media-amazon.com/images/I/51B3beo737L._AC_UY218_.jpg,https://www.amazon.in/DDLC-Professional-Triple-Lens-Multi-User-Weatherproof/dp/B0GMC86C4X/ref=sr_1_52?tag=nira6studio-21
"Digital 4K Video Camera Camcorder, 30MP with 16X Zoom, 3.0-Inch IPS Touch Screen, Wi-Fi, Night Vision, 32GB Storage, Remote Control for YouTube Vlogging, Black","Camera Camcorder, 30MP with 16X Zoom, 3.0-Inch IPS Touch","11,999",https://m.media-amazon.com/images/I/51kRgtWTMlL._AC_UY218_.jpg,https://www.amazon.in/Digital-Camcorder-3-0-Inch-Storage-Vlogging/dp/B0G133ZTX6/ref=sr_1_53?tag=nira6studio-21
Sony Alpha ILCE-9M3 Full-Frame Interchangeable-Lens Mirrorless Camera (Body Only) | Global Shutter System | 24.6 MP | 120fps with AF/AE Tracking | 4K 120p Without cropping - Black,Full-Frame Interchangeable-Lens Mirrorless Camera (Body Only) | Global Shutter,"4,72,990",https://m.media-amazon.com/images/I/71JjmfkMhhL._AC_UY218_.jpg,https://www.amazon.in/Sony-ILCE-9M3-Full-Frame-Interchangeable-Lens-Mirrorless/dp/B0CZNYDT8R/ref=sr_1_54?tag=nira6studio-21
"Focusify Digital Camera, 4K Cameras for Photography, Digital Point and Shoot Camera with 56Mp Autofocus 20X Zoom Anti Shake, Video Camera with 32GB SD Card for Adults, Teens, Beginners(Pink)","4K Cameras for Photography, Digital Point and Shoot Camera","5,639",https://m.media-amazon.com/images/I/71KO7VHuWuL._AC_UY218_.jpg,https://www.amazon.in/Focusify-Digital-Photography-Autofocus-Beginners/dp/B0D2CT2FXR/ref=sr_1_55?tag=nira6studio-21
Fujifilm X-E5 40MP APS-C X-Trans CMOS 5 Sensor|Ultra high Resolution mirrorless Camera|IBIS System|6.2k 30p|1/180000 Shutter Speed with XF 23mm f/2.8-16 Lens - Silver,APS-C X-Trans CMOS 5 Sensor|Ultra high Resolution mirrorless Camera|IBIS,"1,69,999",https://m.media-amazon.com/images/I/810-WGP7TGL._AC_UY218_.jpg,https://www.amazon.in/Fujifilm-X-Trans-Resolution-mirrorless-Shutter/dp/B0FTZHYXW3/ref=sr_1_56?tag=nira6studio-21
SUHOOR 4K 30Fps Action Ultra Hd Camera with Accessories Kit WiFi 16 MP170 Degree Wide Angle Lens 98FT Underwater Waterproof ditgital Camera YouTube Vlogging Bike Helmet vlogging Easy to use (Black),Action Ultra Hd Camera with Accessories Kit WiFi 16,"1,549",https://m.media-amazon.com/images/I/61126QGucML._AC_UY218_.jpg,https://www.amazon.in/4K-Accessories-Underwater-Waterproof-ditgital/dp/B0GBK8C365/ref=sr_1_57?tag=nira6studio-21
Fujifilm X-T50 40 MP APS-C X-Trans Sensor|Retro Style mirrorless Camera|4k/6.2k vlogging|High Speed Recording FHD 240fps - Charcoal,MP APS-C X-Trans Sensor|Retro Style mirrorless Camera|4k/6.2k vlogging|High Speed,"1,29,499",https://m.media-amazon.com/images/I/51fxVJtwiGL._AC_UY218_.jpg,https://www.amazon.in/Fujifilm-X-Trans-mirrorless-vlogging-Recording/dp/B0DFH1QKTV/ref=sr_1_58?tag=nira6studio-21
Canon XA75 4K Professional Camcorder with 15x Optical Zoom|| Dual SD Card Slot-Black,Professional Camcorder with 15x Optical Zoom|| Dual SD Card,"1,60,990",https://m.media-amazon.com/images/I/61k9YQB+eCL._AC_UY218_.jpg,https://www.amazon.in/Canon-XA75-Professional-Camcorder-Slot-Black/dp/B0CB6G2316/ref=sr_1_61?tag=nira6studio-21
"Digitek GoCAM DAC-101 5K 30FPS 48MP WiFi Action Camera with Dual Touch Screen, 150° Wide Angle, 6-Axis EIS, External MIC, Waterproof Case, 2×1350mAh Batteries & Accessories Kit (Black).",5K 30FPS 48MP WiFi Action Camera with Dual Touch,"8,313",https://m.media-amazon.com/images/I/51IZ726J1TL._AC_UY218_.jpg,https://www.amazon.in/Digitek-DAC-101-Stabilization-Waterproof-Accessories/dp/B0BVBPD1C7/ref=sr_1_62?tag=nira6studio-21
Canon XF705 Professional Camcorder,Camcorder,"9,46,811",https://m.media-amazon.com/images/I/71MohY7bO3L._AC_UY218_.jpg,https://www.amazon.in/Canon-XF705-Professional-Camcorder/dp/B07HKTL91B/ref=sr_1_63?tag=nira6studio-21
Sony Alpha ILCE-6700 APS-C Interchangeable-Lens Mirrorless Camera (Body Only) | Made for Creators | 26.0 MP | Artificial Intelligence Based Autofocus | 4K 60p Recording - Black,APS-C Interchangeable-Lens Mirrorless Camera (Body Only) | Made for,"1,25,990",https://m.media-amazon.com/images/I/71-V4AVcbGL._AC_UY218_.jpg,https://www.amazon.in/Sony-ILCE-6700-Interchangeable-Lens-Mirrorless-Intelligence/dp/B0CNRZ8JX7/ref=sr_1_64?tag=nira6studio-21
Wembley Unicorn 48MP Kids Digital Camera with Video Recorder | 2-Inch Screen & 4GB SD Card | Birthday Gift for Boys & Girls Ages 5-10 | Mini Camera for Fun Photo & Video | Best Toy Camera for Kids,Kids Digital Camera with Video Recorder | 2-Inch Screen,"1,770",https://m.media-amazon.com/images/I/61JJLZZ5o4L._AC_UY218_.jpg,https://www.amazon.in/Wembley-Unicorn-Digital-Recorder-Birthday/dp/B0DJFNJP9Y/ref=sr_1_65?tag=nira6studio-21
"Full HD Professional Body Camera with 140° Wide-Angle Lens, 32GB Storage, 12-Hour Battery Backup, Infrared Night Vision, IP65 Waterproof","Body Camera with 140° Wide-Angle Lens, 32GB Storage, 12-Hour","11,990",https://m.media-amazon.com/images/I/71ntbm1VS5L._AC_UY218_.jpg,https://www.amazon.in/AJUK-Professional-Body-Camera-Wide-Angle/dp/B0F3JTKJXC/ref=sr_1_66?tag=nira6studio-21
"DIGITEK® (DPTR 601 VD) 160CM Professional Heavy Duty Tripod with 2-Way Pan Head & Rubberized Leg, 15kg Max Load, Lightweight 3.1kg, 3-Section Adjustment, Idea for DSLR, Digital Video Cameras",VD) 160CM Professional Heavy Duty Tripod with 2-Way Pan,"5,599",https://m.media-amazon.com/images/I/61LT80faHSL._AC_UY218_.jpg,https://www.amazon.in/DPTR-601-VD-Professional-Lightweight/dp/B0CRPG1ZBG/ref=sr_1_67?tag=nira6studio-21
"Panasonic LUMIX FZ80D Point and Shoot Digital Camera 4K Photo/Video Recording with Power Optical Image Stabilizer, Vlogging Camera with 60X Optical Zoom & 20-1200mm Wide-Angle Lens - DC-FZ80D",Point and Shoot Digital Camera 4K Photo/Video Recording with,"73,056",https://m.media-amazon.com/images/I/81DiHPULy2L._AC_UY218_.jpg,https://www.amazon.in/Panasonic-Compact-20-1200mm-Recording-Stabilizer/dp/B0D8239188/ref=sr_1_68?tag=nira6studio-21
"IZI IRIS Pocket 4K Vlogging Camera - with Dual AMOLED Display 1/1.3"" CMOS Sensor, 3-Axis Gimbal Stabilizer, AI Tracking, 512GB Support, 160-Min Battery, Best Video Camera for Youtubers & Instagram","4K Vlogging Camera - with Dual AMOLED Display 1/1.3""","24,499",https://m.media-amazon.com/images/I/61JoITPqdHL._AC_UY218_.jpg,https://www.amazon.in/IZI-IRIS-Pocket-Vlogging-Camera/dp/B0D9M8PMLX/ref=sr_1_68?tag=nira6studio-21
Canon EOS R1 24.2 MP Full-Frame Mirrorless Camera Body Only (6K RAW & 4K 120p Video) - Black,24.2 MP Full-Frame Mirrorless Camera Body Only (6K RAW,"5,99,999",https://m.media-amazon.com/images/I/719383fX9yL._AC_UY218_.jpg,https://www.amazon.in/Canon-Full-Frame-Mirrorless-Camera-Video/dp/B0DW49ZB6Y/ref=sr_1_69?tag=nira6studio-21
"Dyazo Water Resistant Camera Bag/Case Shoulder Strap Space for Photography Lens and Accessories Compatible for Nikon, Canon, Sony, Panasonic, Samsung & Other SLR/DSLR etc (Black & Silver)",Camera Bag/Case Shoulder Strap Space for Photography Lens and,569,https://m.media-amazon.com/images/I/61G5TNojbTL._AC_UY218_.jpg,https://www.amazon.in/Resistant-Photography-Accessories-Compatible-Panasonic/dp/B0BRJLWQ6R/ref=sr_1_70?tag=nira6studio-21
Trueview 3MP 4G Mini PT Security Camera with SIM Support | All-Time Color Vision | 360° Pan | Two-Way Audio | Human Detection | 256GB SD & Cloud | IP66 Waterproof | Alexa Compatible | STQC Certified,Mini PT Security Camera with SIM Support | All-Time,"3,849",https://m.media-amazon.com/images/I/61v7CzV8xjL._AC_UY218_.jpg,https://www.amazon.in/Trueview-Detection-Waterproof-Compatible-Certified/dp/B0GNZBB5RB/ref=sr_1_72?tag=nira6studio-21
Sony Digital Camera ZV-1F for Content Creators with Ultra-Wide 20mm Prime Lens | Soft Skin Feature | Bokeh | Creative Look | Active Mode Stabilisation -Black,ZV-1F for Content Creators with Ultra-Wide 20mm Prime Lens,"46,990",https://m.media-amazon.com/images/I/71UKHtv92KL._AC_UY218_.jpg,https://www.amazon.in/Sony-Creators-Vloggers-Ultra-Wide-Stabilisation/dp/B0BZJ9D5W3/ref=sr_1_74?tag=nira6studio-21
"Focusify Digital Camera,4K Ultra Hd 56Mp Autofocus Camera,Digital Point And Shoot Camera With 20X Zoom Anti Shake,Video Camera With 32Gb Sd Card For Adults,Teens,Beginners(Black)","Ultra Hd 56Mp Autofocus Camera,Digital Point And Shoot Camera","4,699",https://m.media-amazon.com/images/I/61xl4inLS5L._AC_UY218_.jpg,https://www.amazon.in/Digital-Camera-Autofocus-Adults-Beginners/dp/B0CSFF8TQV/ref=sr_1_77?tag=nira6studio-21
"8K Digital Camera, 88MP Vlogging Camera for YouTube/Photography with 3"" 180° Flip Screen, Fill Light, WiFi, Filters, Beauty Features Includes 32GB SD Card & 2 Batteries (Gunmetal)","88MP Vlogging Camera for YouTube/Photography with 3"" 180° Flip","12,999",https://m.media-amazon.com/images/I/71aITCDhdmL._AC_UY218_.jpg,https://www.amazon.in/Vlogging-Photography-Features-Batteries-Gunmetal/dp/B0FJD7HGGQ/ref=sr_1_78?tag=nira6studio-21
Fujifilm X-H2 40MP APS-C X-Trans Sensor|Pixel Shift|IBIS System|Ultra High Resolution Mirrorless Camera|8k 30p|Subject Tracking with XF16-80mm f/1:4 Lens for pro Photographers and videographers,APS-C X-Trans Sensor|Pixel Shift|IBIS System|Ultra High Resolution Mirrorless Camera|8k,"1,99,999",https://m.media-amazon.com/images/I/71JurfqudIL._AC_UY218_.jpg,https://www.amazon.in/FUJIFILM-X-H2-Mirrorless-Camera-16-80mm/dp/B0BCM562BH/ref=sr_1_79?tag=nira6studio-21
Canon XA65 4K Professional Camcorder with 20x Optical Zoom|| Dual SD Card Slot- Black,Professional Camcorder with 20x Optical Zoom|| Dual SD Card,"1,39,570",https://m.media-amazon.com/images/I/51oCve20kjL._AC_UY218_.jpg,https://www.amazon.in/Canon-Professional-Camcorder-Optical-Slot/dp/B0BXYYPHC5/ref=sr_1_80?tag=nira6studio-21
"Sony Alpha ILCE-7M3 Full-Frame 24.2MP Mirrorless Digital SLR Camera Body | 4K Full Frame | Real-Time Eye Auto Focus | Tiltable LCD, Low Light Camera - Black",Full-Frame 24.2MP Mirrorless Digital SLR Camera Body | 4K,"1,27,490",https://m.media-amazon.com/images/I/713xBPyXC-L._AC_UY218_.jpg,https://www.amazon.in/Sony-ILCE-7M3-Full-Frame-Mirrorless-Interchangeable/dp/B07CJ7NJHG/ref=sr_1_81?tag=nira6studio-21
"4K Digital Camera,64MP Cameras for Photography with 16X Digital Zoom, AutoFocus Vlogging Camera for YouTube, 3"" 180°Flip Screen Compact Travel Camera, Anti-Shake 4K Video Cameras","Cameras for Photography with 16X Digital Zoom, AutoFocus Vlogging",,https://m.media-amazon.com/images/I/81PA+mx3BqL._AC_UY218_.jpg,https://www.amazon.in/4K-Digital-Camera-Photography-Anti-Shake/dp/B0FSRCFYCT/ref=sr_1_82?tag=nira6studio-21
"Sony Alpha Ilce-1 Mirrorless Full-Frame Camera | 30 Fps | 50.1 Mp | 8K 30P, 4K 120P | Real-Time Eye",Mirrorless Full-Frame Camera | 30 Fps | 50.1 Mp,"6,14,930",https://m.media-amazon.com/images/I/41tb02x1FXL._AC_UY218_.jpg,https://www.amazon.in/Sony-Mirrorless-Full-Frame-Real-time-200-600Mm/dp/B0C7H38S98/ref=sr_1_83?tag=nira6studio-21
"OBSBOT Tiny 2 4K PTZ Webcam with AI Tracking & Voice Control | 1/1.5” Sensor, Gesture Control, Auto Zoom, Auto Focus, HDR, 60FPS | Webcam for PC, Laptop, Streaming, Meetings & Video Calls",4K PTZ Webcam with AI Tracking & Voice Control,"24,990",https://m.media-amazon.com/images/I/51XeBqiCrRL._AC_UY218_.jpg,https://www.amazon.in/OBSBOT-Tracking-Control-Streaming-Meetings/dp/B0FYQB4TD8/ref=sr_1_84?tag=nira6studio-21
"4K Digital Camera for Photography & Vlogging, 56MP Point and Shoot Digital Cameras with 180° Flip Screen, 16X Zoom Compact Travel Camera, Portable Cámara for Adults & Beginners with 32GB SD Card","for Photography & Vlogging, 56MP Point and Shoot Digital","7,564",https://m.media-amazon.com/images/I/716RSOrLS9L._AC_UY218_.jpg,https://www.amazon.in/Digital-Photography-Vlogging-Portable-Beginners/dp/B0FM7VHY3W/ref=sr_1_84?tag=nira6studio-21
Fujifilm X-S20 26.1MP APS-C X-Trans Sensor|AI Deep Learning|IBIS System Mirrorless Camera|6.2k 30p| Eye/Subject Detection with 15-45mm Zoom Lens f/3.5-5.6 for Content Creation,APS-C X-Trans Sensor|AI Deep Learning|IBIS System Mirrorless Camera|6.2k 30p|,"1,16,999",https://m.media-amazon.com/images/I/5155FslZrqL._AC_UY218_.jpg,https://www.amazon.in/Fujifilm-Learning-Mirrorless-Detection-Vloggers/dp/B0CBWX2L8G/ref=sr_1_86?tag=nira6studio-21
Sony Alpha ILCE-7CM2L Full-Frame Interchangeable Lens Mirrorless vlog Camera (Body + 28-60 mm Zoom Lens) | Made for Creators| 33.0 MP| Artificial Intelligence based Autofocus | 4K 60p Recording-Silver,Full-Frame Interchangeable Lens Mirrorless vlog Camera (Body + 28-60,"2,22,990",https://m.media-amazon.com/images/I/71QzHteIGfL._AC_UY218_.jpg,https://www.amazon.in/Sony-ILCE-7CM2L-Interchangeable-Intelligence-Recording-Silver/dp/B0CMV611K3/ref=sr_1_87?tag=nira6studio-21
"Digital Camera for Photography, 4K Vlogging Camera for YouTube 3"" 180° Flip Screen 18X Digital Zoom Compact Retro Cameras with 32GB TF Card & 2 Batteries, Black","Photography, 4K Vlogging Camera for YouTube 3"" 180° Flip","7,940",https://m.media-amazon.com/images/I/71+s5fiR3RL._AC_UY218_.jpg,https://www.amazon.in/Digital-Photography-Vlogging-YouTube-Batteries/dp/B0D3H36K64/ref=sr_1_88?tag=nira6studio-21
2MP Full HD Flexible USB WiFi Camera 1080P | Smart Mini Home Security Cam with 140° Wide Angle Lens | Real-Time Motion Sensor Alerts & Live Streaming | Connect with V380 Pro App (Flexible Camera),Flexible USB WiFi Camera 1080P | Smart Mini Home,"1,389",https://m.media-amazon.com/images/I/410B-11Sz7L._AC_UY218_.jpg,https://www.amazon.in/Flexible-Security-Real-Time-Streaming-Connect/dp/B0GWZR8Q6Y/ref=sr_1_89?tag=nira6studio-21
LANMU 1080P Full HD SPY Pen Camera 105MIN Audio/Video Recording Invisible Pen Lens HD Video Recording for Meeting/Home/Office Metal-Black,HD SPY Pen Camera 105MIN Audio/Video Recording Invisible Pen,"2,490",https://m.media-amazon.com/images/I/41WniAG4MIL._AC_UY218_.jpg,https://www.amazon.in/LANMU-Recording-Invisible-Meeting-Metal-Black/dp/B0GYM84CZ2/ref=sr_1_90?tag=nira6studio-21
"Digitek (DAC 202 5K 3-Axis Handheld Action Camera with AI Face Tracking, 3.5” Rotating Screen, 48MP Sensor, Wi-Fi, Night Vision & External Mic Support","5K 3-Axis Handheld Action Camera with AI Face Tracking,","26,513",https://m.media-amazon.com/images/I/61FzCvPvVEL._AC_UY218_.jpg,https://www.amazon.in/Digitek-DAC-202-Handheld-Tracking/dp/B0FY6SFN4P/ref=sr_1_93?tag=nira6studio-21
"Amazon Basics 12-inch Professional LED Ring Light with Tripod Stand | 3 Color Temperature Modes | 10 Brightness Settings | Suitable for Photoshoot, Makeup, Videography",Professional LED Ring Light with Tripod Stand | 3,387,https://m.media-amazon.com/images/I/51q8y-lRpbL._AC_UY218_.jpg,https://www.amazon.in/Professional-Temperature-Brightness-Photoshoot-Videography/dp/B0D7Q3JWF7/ref=sr_1_94?tag=nira6studio-21
"Canon EOS R6 Mark II Mirrorless Camera with RF 24-105mm f/4-7.1 is STM Lens | 24.2MP Full-Frame CMOS Sensor, 4K 60p Video, Dual Pixel CMOS AF II with Shoulder Bag and 64GB Card",Mark II Mirrorless Camera with RF 24-105mm f/4-7.1 is,"4,29,773",https://m.media-amazon.com/images/I/816MfWlz23L._AC_UY218_.jpg,https://www.amazon.in/Canon-EOS-R6-Mark-II/dp/B0FGKY6WHV/ref=sr_1_95?tag=nira6studio-21
MANOMAY Cameras Mini PT Variation (B0GVK7ZP26),PT Variation (B0GVK7ZP26),"3,499",https://m.media-amazon.com/images/I/41NDemfz0DL._AC_UY218_.jpg,https://www.amazon.in/MANOMAY-Security-Tracking-Detection-Compatible/dp/B0GVK7ZP26/ref=sr_1_96?tag=nira6studio-21
"GoPro HERO13 Black in Polar White Limited Edition - Waterproof Action Camera with 5.3K60 Video, 27MP Photo + Compatability with HB-Series Lenses(1-Yr International+1-Yr India Warranty)",in Polar White Limited Edition - Waterproof Action Camera,"37,990",https://m.media-amazon.com/images/I/71er1wbJa8L._AC_UY218_.jpg,https://www.amazon.in/GoPro-HERO13-Black-Polar-Limited/dp/B0F5QR761K/ref=sr_1_97?tag=nira6studio-21
Nikon Digital Camera Z5II KIT with 24-200MM F/4-6.3 Lens with EN-EL15C & MH-25A,Z5II KIT with 24-200MM F/4-6.3 Lens with EN-EL15C &,"1,65,015",https://m.media-amazon.com/images/I/41MYCQkmPFL._AC_UY218_.jpg,https://www.amazon.in/Digital-Camera-24-200MM-EN-EL15C-MH-25A/dp/B0F6CKLD2C/ref=sr_1_98?tag=nira6studio-21
"Sony Alpha ILCE-7C Compact Full Frame Camera | 4K with Flip Screen, Light Weight | Real time Tracking | Content Creation - Black","Compact Full Frame Camera | 4K with Flip Screen,","1,25,490",https://m.media-amazon.com/images/I/61vsBx-xZHL._AC_UY218_.jpg,https://www.amazon.in/Sony-ILCE-7C-Compact-Tracking-Creation/dp/B08PVQK7CJ/ref=sr_1_99?tag=nira6studio-21
"Bosch Professional Thermal Imaging Camera GTC 600 C (12V Battery, With App Function, Temperature Range: -20°C To +600°C, Resolution:256 X 192px, Protective Bag) Set By Skyking","Imaging Camera GTC 600 C (12V Battery, With App","1,07,800",https://m.media-amazon.com/images/I/614ChH02xxL._AC_UY218_.jpg,https://www.amazon.in/Bosch-Professional-Thermal-Function-Temperature/dp/B0D8TMRSJQ/ref=sr_1_100?tag=nira6studio-21
Nikon Z 6II Full Frame Mirrorless Camera Kit with NIKKOR Z 24-105mm f/4-7.1 Lens (Local Kit) | 24.5MP FX Sensor | Dual EXPEED 6 | 4K UHD Video | Dual Card Slots | Fast Autofocus,Full Frame Mirrorless Camera Kit with NIKKOR Z 24-105mm,"1,65,990",https://m.media-amazon.com/images/I/51zbex-RsvL._AC_UY218_.jpg,https://www.amazon.in/Nikon-Mirrorless-Camera-24-105mm-Autofocus/dp/B0GKH59J3R/ref=sr_1_100?tag=nira6studio-21
Fujifilm X-S20 Mirrorless Digital Camera XC15-45mm Lens Kit Black,Digital Camera XC15-45mm Lens Kit Black,"2,96,870",https://m.media-amazon.com/images/I/7157PLVIyTL._AC_UY218_.jpg,https://www.amazon.in/Fujifilm-Mirrorless-Digital-Camera-XC15-45mm/dp/B0C5PNRYHQ/ref=sr_1_102?tag=nira6studio-21
"smars 3MP HD WiFi Bullet Camera | IP66 Waterproof for Outdoor use| Color Night Vision | Two-Way Audio | SD Card Storage | Ideal for Home, Office & Shop Security.",WiFi Bullet Camera | IP66 Waterproof for Outdoor use|,"1,899",https://m.media-amazon.com/images/I/51CKh5voQ+L._AC_UY218_.jpg,https://www.amazon.in/smars-IP66-Waterproof-Outdoor-Security/dp/B0G1SS2Q2S/ref=sr_1_103?tag=nira6studio-21
"4K UHD VC90A 10X AI Tracking PTZ Camera | Auto Tracking | HDMI/USB/LAN | Ideal for Online Teaching, YouTube Live Streaming, Worship, Conferences & Professional Video Production",10X AI Tracking PTZ Camera | Auto Tracking |,"42,749",https://m.media-amazon.com/images/I/51qq3z-cqKL._AC_UY218_.jpg,https://www.amazon.in/VIDEOCAST-VC90A-Conferences-Professional-Production/dp/B0GRGQSY3S/ref=sr_1_105?tag=nira6studio-21
"Nikon Z 7II + NIKKOR Z 24-120mm F/4 S Lens with Additional Battery, Optical Zoom, Black",+ NIKKOR Z 24-120mm F/4 S Lens with Additional,"2,67,755",https://m.media-amazon.com/images/I/51UUyhqoTuL._AC_UY218_.jpg,https://www.amazon.in/Nikon-24-120mm-Additional-Battery-Optical/dp/B0CBC35PTZ/ref=sr_1_106?tag=nira6studio-21
"3MP Dome Camera [Color Night Vision + MIC Audio + Smart Dual Light + Motion Detection] Hybrid 4in1 Switch for TVI/CVI/AHD/CVBS, Water & Dust Proof [New Version]",[Color Night Vision + MIC Audio + Smart Dual,999,https://m.media-amazon.com/images/I/41+4la+TeUL._AC_UY218_.jpg,https://www.amazon.in/GEMVISION-Camera-Vision-Detection-Version/dp/B0GPXDZNT1/ref=sr_1_109?tag=nira6studio-21
MyFitSpark Eagle i15 Pro Max Real 4K30FPS Dual Screens WiFi Action Camera Advanced Chipset Sony Sensor EIS 2.0 Stabilization Wide-Angle Supports External MIC Bike Helmet Camera for Moto Vlogging (O),Pro Max Real 4K30FPS Dual Screens WiFi Action Camera,"7,999",https://m.media-amazon.com/images/I/71qsysJOL6L._AC_UY218_.jpg,https://www.amazon.in/MyFitSpark-i15-Advanced-Stabilization-Wide-Angle/dp/B0D32V55RP/ref=sr_1_111?tag=nira6studio-21
"SJCAM ZV200 5K 80MP Flip Screen Digital Camera | 16X Digital Zoom, Sony Sensor with 6-Axis Gyro, 9 Preset Modes, 800 mAh Digital Point and Shoot Camera for Vlogging Beginners (Black)","80MP Flip Screen Digital Camera | 16X Digital Zoom,",,https://m.media-amazon.com/images/I/71aEzNkftDL._AC_UY218_.jpg,https://www.amazon.in/SJCAM-ZV200-Digital-Vlogging-Beginners/dp/B0FN7GFGKB/ref=sr_1_112?tag=nira6studio-21
"Camcorder FHD 1080P Video Camera for YouTube with 30FPS 36MP 3.0 Inch 270 Degree Rotation LCD, 16X Digital Zoom Vlogging Camera for Beginners with 2 Batteries Microphone, Remote, Stabilizer, Lens Hood",Video Camera for YouTube with 30FPS 36MP 3.0 Inch,"9,929
.",https://m.media-amazon.com/images/I/813Nv1JBZ-L._AC_UY218_.jpg,https://www.amazon.in/Camcorder-Beginners-Batteries-Microphone-Stabilizer/dp/B0CZ6KL7XW/ref=sr_1_113?tag=nira6studio-21
"Logitech Brio 100 Full HD 1080P Webcam for Meetings and Streaming, Auto-Light Balance, Built-in Mic, Privacy Shutter, USB-A, for Microsoft Teams, Google Meet, Zoom and More- Graphite","Full HD 1080P Webcam for Meetings and Streaming, Auto-Light","3,095",https://m.media-amazon.com/images/I/61nTmIUB0LL._AC_UY218_.jpg,https://www.amazon.in/Logitech-Meetings-Streaming-Auto-Light-Microsoft/dp/B0CHFM2KTR/ref=sr_1_114?tag=nira6studio-21
"Pansonic LUMIX S9 Full Frame Camera with 28-200mm L Mount Lens, Compact Mirrorless Camera for Content Creators with Real Time LUT, Open Gate and Easy Sharing of Photos & Video (Silver)","Full Frame Camera with 28-200mm L Mount Lens, Compact","3,22,864",https://m.media-amazon.com/images/I/71zRR2sFE1L._AC_UY218_.jpg,https://www.amazon.in/Pansonic-28-200mm-Compact-Mirrorless-Creators/dp/B0D53HBNZ9/ref=sr_1_115?tag=nira6studio-21
Sony Cinema Line FX2 Full-Frame Camera with XLR Handle | 4K 60P | S-Cinetone | Dual Base ISO | Compact & Lightweight | Made for Filmmakers - Grey,FX2 Full-Frame Camera with XLR Handle | 4K 60P,"2,89,490",https://m.media-amazon.com/images/I/710nYeGGLKL._AC_UY218_.jpg,https://www.amazon.in/Sony-Full-Frame-S-Cinetone-Lightweight-Rechargeable/dp/B0FQNW47WG/ref=sr_1_116?tag=nira6studio-21
OM SYSTEM OM-1 Mark II Mirrorless Camera (Body Only) I 20MP Stacked BSI Live MOS Sensor I Cross Quad Pixel AF I Notable Mark II Upgrades I DCI & UHD 4K Video I Black,Mark II Mirrorless Camera (Body Only) I 20MP Stacked,"2,22,999",https://m.media-amazon.com/images/I/71Y4WKwM1eL._AC_UY218_.jpg,https://www.amazon.in/OM-SYSTEM-Mirrorless-Stacked-Upgrades/dp/B0CSZ49STS/ref=sr_1_115?tag=nira6studio-21
"Panasonic Lumix G85 4K Digital Camera, 12-60mm Power O.I.S. Lens, 16 Megapixel Mirrorless Camera, 5 Axis In-Body Dual Image Stabilization, 3-Inch Tilt and Touch LCD, DMC-G85MK (Black)","4K Digital Camera, 12-60mm Power O.I.S. Lens, 16 Megapixel","1,61,374",https://m.media-amazon.com/images/I/71ZsjUh757L._AC_UY218_.jpg,https://www.amazon.in/PANASONIC-Mirrorless-12-60mm-Megapixels-DMC-G85MK/dp/B01M050N05/ref=sr_1_116?tag=nira6studio-21
"4K Digital Camera for Photography and Video Autofocus 16X Digital Zoom, 48MP Vlogging Camera with 32GB SD Card, 3'' 180° Flip Screen Compact Camera for Travel,2 Batteries Charger Stand","for Photography and Video Autofocus 16X Digital Zoom, 48MP","7,425",https://m.media-amazon.com/images/I/712T6VYeaWL._AC_UY218_.jpg,https://www.amazon.in/Vlogging-Camera-4K-Digital-YouTube/dp/B0BGLDXHGY/ref=sr_1_117?tag=nira6studio-21
"Drumstone (?????????????? ???? ?????????? ????????????????) 1080P HD Portable Body Camera – Night Vision, Waterproof Action Camera with Long-Lasting Battery and Rotating Rear Clip, Ideal",?????????? ????????????????) 1080P HD Portable Body Camera – Night,"2,099",https://m.media-amazon.com/images/I/51X2dggZ1eL._AC_UY218_.jpg,https://www.amazon.in/Drumstone-%F0%9D%90%92%F0%9D%90%A9%F0%9D%90%9E%F0%9D%90%9C%F0%9D%90%A2%F0%9D%90%9A%F0%9D%90%A5-%F0%9D%90%98%F0%9D%90%9E%F0%9D%90%9A%F0%9D%90%AB%F0%9D%90%AC-%F0%9D%90%96%F0%9D%90%9A%F0%9D%90%AB%F0%9D%90%AB%F0%9D%90%9A%F0%9D%90%A7%F0%9D%90%AD%F0%9D%90%B2-Portable/dp/B0G3HSGTKL/ref=sr_1_118?tag=nira6studio-21
6MP (3MP+3MP) 1080P Dual Lens WiFi Bulb Security Camera Wireless Smart CCTV with 360° Pan Tilt Color Night Vision Two Way Audio Indoor Home Surveillance SD Card Support 128GB(Not Included),Dual Lens WiFi Bulb Security Camera Wireless Smart CCTV,"1,889",https://m.media-amazon.com/images/I/61HtmWhNPBL._AC_UY218_.jpg,https://www.amazon.in/COUNTRYCAM-Security-Wireless-Surveillance-Included/dp/B0FP9KG9GF/ref=sr_1_119?tag=nira6studio-21
"Panasonic LUMIX G9II Micro Four Thirds Camera, 25.2MP Sensor with Phase Hybrid AF, Powerful Image Stabilization, High-Speed Perfomance and Mobility with 12-60mm F2.8-4.0 Lens - DC-G9M2LK9","Micro Four Thirds Camera, 25.2MP Sensor with Phase Hybrid","3,68,346",https://m.media-amazon.com/images/I/71Y8S095p0L._AC_UY218_.jpg,https://www.amazon.in/Panasonic-Powerful-Stabilization-High-Speed-Perfomance/dp/B0FW5Q22TZ/ref=sr_1_120?tag=nira6studio-21
MANOMAY 3MP 4G Bullet Security Camera BIS-ER (STQC) Certified IP66 All Time Color Night Vision Human Detection Supports Upto 256GB Memory Card Cloud Storage CCTV Camera for Home Office Shop M1097-SF,Bullet Security Camera BIS-ER (STQC) Certified IP66 All Time,"2,809",https://m.media-amazon.com/images/I/61WhoYMa6uL._AC_UY218_.jpg,https://www.amazon.in/MANOMAY-Security-Certified-Detection-Supports/dp/B0GVKJ2F57/ref=sr_1_121?tag=nira6studio-21
"OBSBOT Tiny 2 Lite AI-Powered 4K PTZ Webcam with AI Tracking, 1/2? Sensor, 1080p@60FPS HDR, Gesture Control, Dual Microphones, Auto Focus | Webcam for PC, Laptop, Streaming, Meetings & Video Calls","Lite AI-Powered 4K PTZ Webcam with AI Tracking, 1/2?","18,980",https://m.media-amazon.com/images/I/61bxysU-1aL._AC_UY218_.jpg,https://www.amazon.in/OBSBOT-Lite-AI-Powered-Microphones-Streaming/dp/B0FRRRNVPX/ref=sr_1_122?tag=nira6studio-21
"64MP Professional Digital Camera for Photography Autofocus, 5K Vlogging Camera for YouTube,16X Anti-Shake Compact Travel Camera with WiFi & App Control, Flash,SD Card, 2 Batteries (White)","Camera for Photography Autofocus, 5K Vlogging Camera for YouTube,16X","32,428",https://m.media-amazon.com/images/I/71+QiiewxnL._AC_UY218_.jpg,https://www.amazon.in/Professional-Photography-Autofocus-Anti-Shake-Batteries/dp/B0F6MRMKC9/ref=sr_1_125?tag=nira6studio-21
Fujifilm X Half 17.7MP 1 inch CMOS Sensor with 10.8mm f/2.8-11 Lens|Retro Style mirrorless Compact Travel Camera|2k vlogging for Street/Lifestyle - Black,17.7MP 1 inch CMOS Sensor with 10.8mm f/2.8-11 Lens|Retro,"49,999",https://m.media-amazon.com/images/I/71CCln3diFL._AC_UY218_.jpg,https://www.amazon.in/Fujifilm-mirrorless-Compact-vlogging-Lifestyle/dp/B0FB9JC13Y/ref=sr_1_126?tag=nira6studio-21
"OBSBOT Tiny SE AI-Powered PTZ Camera, FHD 1080p@100FPS | 1/2.8? Sensor, AI Auto Tracking, Gesture Control, 4X Zoom, Staggered HDR, Noise-Cancelling Mic | Webcam for Streaming & Video Calls","AI-Powered PTZ Camera, FHD 1080p@100FPS | 1/2.8? Sensor, AI","14,999",https://m.media-amazon.com/images/I/517U3opS5XL._AC_UY218_.jpg,https://www.amazon.in/OBSBOT-Tiny-SE-AI-Powered-Noise-Cancelling/dp/B0FRSC15NQ/ref=sr_1_128?tag=nira6studio-21
"Panasonic LUMIX ZS99 Point and Shoot Camera, Compact Camera for Travel with 30x Zoom with 24-720mm Zoom Lens, and 4K Video/Photo, Great for Travel and Concerts, DC-ZS99 + Bag+ 32GB SD Card (Black)","Point and Shoot Camera, Compact Camera for Travel with","1,18,146",https://m.media-amazon.com/images/I/81EUxj0YlZL._AC_UY218_.jpg,https://www.amazon.in/Panasonic-Compact-24-720mm-Concerts-DC-ZS99/dp/B0DWWK4QM7/ref=sr_1_129?tag=nira6studio-21
"DJI Osmo Action 5 Pro Adventure Combo, Action Camera 4K with 1/1.3"" Sensor, 12h Extended Battery Life with 3 Batteries, Stabilization, Dual OLED Touchscreens, Mini Action Camera for Travel, Vlog","5 Pro Adventure Combo, Action Camera 4K with 1/1.3""","45,990",https://m.media-amazon.com/images/I/71FdBD3y0rL._AC_UY218_.jpg,https://www.amazon.in/DJI-Adventure-Batteries-Stabilization-Touchscreens/dp/B07FW4CZZL/ref=sr_1_130?tag=nira6studio-21
"FOMITO Dual Camera Chest Harness System, Professional Photography Vest with Side Holster, Gray","Chest Harness System, Professional Photography Vest with Side Holster,","9,453",https://m.media-amazon.com/images/I/8190EKeFcOL._AC_UY218_.jpg,https://www.amazon.in/FOMITO-Harness-Professional-Photography-Holster/dp/B0DZBH7X5P/ref=sr_1_131?tag=nira6studio-21
kicteck Video Camera Camcorder Digital YouTube Vlogging Camera Recorder kicteck Full HD 1080P 15FPS 24MP 3.0 Inch 270 Degree Rotation LCD 16X Digital Zoom Camcorder with 2 Batteries(604s) Black,Camcorder Digital YouTube Vlogging Camera Recorder kicteck Full HD,"7,999",https://m.media-amazon.com/images/I/71xHi2Ssz2L._AC_UY218_.jpg,https://www.amazon.in/kicteck-Camcorder-Vlogging-Recorder-Batteries/dp/B07MY3R7R9/ref=sr_1_132?tag=nira6studio-21
"DJI Osmo Mobile 7 Gimbal Stabilizer for iPhone, Android, Built-in Tripod, Ultra-Light, 3-Axis Phone Gimbal,Activetrack 7.0,One-Tap Edit,Phone Charging Vlogging Stabilizer YouTube Video, Gray","7 Gimbal Stabilizer for iPhone, Android, Built-in Tripod, Ultra-Light,","5,999",https://m.media-amazon.com/images/I/61KyU5QgXXL._AC_UY218_.jpg,https://www.amazon.in/DJI-Stabilizer-Ultra-Light-Activetrack-Charging/dp/B07FSS4R16/ref=sr_1_131?tag=nira6studio-21
HIGHERVISION 1080P Full HD WiFi Spy Bulb Holder Security Camera Hidden Socket Camera Mini Security Secret Nanny Cam with Live Audio & Video Recording,HD WiFi Spy Bulb Holder Security Camera Hidden Socket,"1,849",https://m.media-amazon.com/images/I/61ROycTd3UL._AC_UY218_.jpg,https://www.amazon.in/HIGHERVISION-Holder-Security-Camera-Recording/dp/B0GHP8K9C8/ref=sr_1_132?tag=nira6studio-21
ZEBRONICS Zeb IPPBSL5 5MP IP CCTV Bullte Camera with Night Vision (IPPBSL5),5MP IP CCTV Bullte Camera with Night Vision (IPPBSL5),"2,199",https://m.media-amazon.com/images/I/31ffFY+jnqL._AC_UY218_.jpg,https://www.amazon.in/ZEBRONICS-IPPBSL5-Bullte-Camera-Vision/dp/B0GL7WB4XY/ref=sr_1_133?tag=nira6studio-21
"LEQTRONIQ 4K UHD 64MP Digital Camera with 3 Inch 180° Rotation Flip Screen, 18X Digital Zoom, Autofocus, Self Timer; Compact Camera for Photography, Webcam, YouTube Vlogging (Black)",64MP Digital Camera with 3 Inch 180° Rotation Flip,"8,549",https://m.media-amazon.com/images/I/71vfvBc+YOL._AC_UY218_.jpg,https://www.amazon.in/LEQTRONIQ-Rotation-Autofocus-Photography-Vlogging/dp/B0D1VGDYVZ/ref=sr_1_134?tag=nira6studio-21
Fujifilm Instax Mini Evo Hybrid Camera Premium Edition with 20 Shots of Stone Gray Film and 100 Different Expressions-(Black),Evo Hybrid Camera Premium Edition with 20 Shots of,"22,414",https://m.media-amazon.com/images/I/61tSR9mjE+L._AC_UY218_.jpg,https://www.amazon.in/Fujifilm-Instax-Premium-Different-Expressions/dp/B0B2CTG2K4/ref=sr_1_135?tag=nira6studio-21
"KODAK Pixpro C1 Ultra-Compact Digital Camera | 13MP BSI CMOS, 4X Zoom, 2.8 LCD Screen, LED Flash, Built-in Battery Brown, 16 GB","Ultra-Compact Digital Camera | 13MP BSI CMOS, 4X Zoom,","16,250",https://m.media-amazon.com/images/I/81SgKLrGXkL._AC_UY218_.jpg,https://www.amazon.in/KODAK-Pixpro-C1-Ultra-Compact-Built/dp/B0DY89Z83G/ref=sr_1_136?tag=nira6studio-21
"TECHNOVIEW Spy Hidden Camera Pen with Free 32GB Sd Card Spy Pen 1080P Full HD Video Audio Recording Indoor Outdoor Mini Cam for Home Security, Business & Learning | 2023 Version",Camera Pen with Free 32GB Sd Card Spy Pen,"1,800",https://m.media-amazon.com/images/I/51VBC-9Rr-L._AC_UY218_.jpg,https://www.amazon.in/TECHNOVIEW-Recording-Security-Business-Learning/dp/B0CD3VD3G3/ref=sr_1_137?tag=nira6studio-21
"DJI Osmo 360 Standard Combo, 360 Camera With 1-Inch 360° Imaging, Native 8K 360° Video, 4K/120fps & 170° Boost Video, 120MP 360° Photo, 100-Min 8K Recording, Waterproof, Action Camera for Sports, Vlog","Standard Combo, 360 Camera With 1-Inch 360° Imaging, Native","44,990",https://m.media-amazon.com/images/I/61U7HVuVbfL._AC_UY218_.jpg,https://www.amazon.in/DJI-Standard-Imaging-Recording-Waterproof/dp/B0DTTZZ6Q3/ref=sr_1_138?tag=nira6studio-21
"eMeet PIXY 4K Dual-Camera AI-Powered PTZ Webcam with AI Tracking, 0.2s Autofocus, Sony Sensor, 3 Mics, Presets, and Gesture Control – Compatible with OBS, Twitch, Switch 2, and Streaming","Dual-Camera AI-Powered PTZ Webcam with AI Tracking, 0.2s Autofocus,","10,999",https://m.media-amazon.com/images/I/614KhO1i+YL._AC_UY218_.jpg,https://www.amazon.in/eMeet-Dual-Camera-AI-Powered-Tracking-Autofocus/dp/B0FHH88CS1/ref=sr_1_141?tag=nira6studio-21
"4K Action Camera 16mp (with Accessories) - WiFi, Memory Card Support, 170? Wide Angle, Vlog-Ready, Perfect for Travel, Vlogging & YouTube (Classic Matte Black)","16mp (with Accessories) - WiFi, Memory Card Support, 170?","1,595",https://m.media-amazon.com/images/I/61O9mZIE-DL._AC_UY218_.jpg,https://www.amazon.in/Action-Camera-16mp-Accessories-Vlog-Ready/dp/B0FQJVHWXD/ref=sr_1_142?tag=nira6studio-21
2.7K Video Camera Camcorder QHD 50MP YouTube Vlogging Camera 16X Digital Zoom Webcam 270 Degree Rotation Screen Camcorders with 32G SD Card and 2 Batteries Recording While Charging,Camcorder QHD 50MP YouTube Vlogging Camera 16X Digital Zoom,"12,024",https://m.media-amazon.com/images/I/71kXvIT6uQL._AC_UY218_.jpg,https://www.amazon.in/Tixeuo-Camcorder-Camcorders-Batteries-Recording/dp/B0GJ5MHZRP/ref=sr_1_143?tag=nira6studio-21
"Video Camera, 8K Camcorder 48MP 15FPS UHD WiFi Vlogging Camera with IR Night Vision for YouTube, 3"" Touch Screen 18X Digital Zoom, with Fill Light, Mic, Stabilizer, Lens Hood, Remote and 2 Batteries",Camcorder 48MP 15FPS UHD WiFi Vlogging Camera with IR,"25,411",https://m.media-amazon.com/images/I/71yTa6lqhnL._AC_UY218_.jpg,https://www.amazon.in/Camcorder-Handheld-Vlogging-Stabilizer-Batteries/dp/B0CXDYQT9Y/ref=sr_1_144?tag=nira6studio-21
Canon PowerShot V10 13.1 MP Digital Camera with CMOS Sensor|13.1MP | 4K Vlogging Camera - Black,13.1 MP Digital Camera with CMOS Sensor|13.1MP | 4K,"36,999",https://m.media-amazon.com/images/I/51rs6uJijgL._AC_UY218_.jpg,https://www.amazon.in/Canon-PowerShot-Technology-Tracking-Streaming/dp/B0C4SQV294/ref=sr_1_145?tag=nira6studio-21
smars® HD Pocket Pen Camera 1080P Ultra HD Body Cam 90° Rotating Real time Audio Video Motion Detection Recording,Pen Camera 1080P Ultra HD Body Cam 90° Rotating,"2,246",https://m.media-amazon.com/images/I/41zhLQgU3bL._AC_UY218_.jpg,https://www.amazon.in/smars%C2%AE-Pocket-Rotating-Detection-Recording/dp/B0BQCDMJYX/ref=sr_1_146?tag=nira6studio-21
"AIWaft 4K PTZ USB Camera With AI Gesture Control,Auto-Tracking,12X Optical 16X Digital Zoom,CMOS Lens Best PTZ Camera For Teaching,Youtube,Live Streaming,Video Conferencing,Hybrid Online Classes","USB Camera With AI Gesture Control,Auto-Tracking,12X Optical 16X Digital","69,000",https://m.media-amazon.com/images/I/71xGw73jwOL._AC_UY218_.jpg,https://www.amazon.in/AIWaft-wide-angle-Effective-Pan-Tilt-Zoom-Streaming/dp/B0D1ZLZ7KW/ref=sr_1_147?tag=nira6studio-21
"MyFitSpark DOLPHIN 1.0 Big 2.20"" Full Frame Borderless Display | Real 4K30FPS 20MP Dual Touchscreen WiFi Action Camera | Wireless MIC Support | EIS 3.0 Sony Sensor No.1 Chipset Smart Remote + Full Kit","Big 2.20"" Full Frame Borderless Display | Real 4K30FPS","10,999",https://m.media-amazon.com/images/I/61TnLqxUbeL._AC_UY218_.jpg,https://www.amazon.in/FitSpark-Dolphin-1-0-Waterproof-Touchscreen/dp/B0D69W1FJX/ref=sr_1_148?tag=nira6studio-21
"KODAK Pixpro Az255-Bk 16Mp Digital Camera 25X Optical Zoom 67 MB 24Mm Wide Angle Lens Optical Image Stabilization 1080P Full Hd Video 3"" Lcd Vlogging Camera(Black)",16Mp Digital Camera 25X Optical Zoom 67 MB 24Mm,"26,599",https://m.media-amazon.com/images/I/81aVXv3w2dL._AC_UY218_.jpg,https://www.amazon.in/KODAK-PIXPRO-AZ255-BK-Digital-Optical/dp/B0BLZP57QP/ref=sr_1_147?tag=nira6studio-21
"JK Vision 30Fps Action Camera Ultra Hd Underwater Camera 170 Degree Wide Angle 98Ft Waterproof Camera (Light 4K Action (Ac)) - Digital, Multicolor (DDC-48)",Action Camera Ultra Hd Underwater Camera 170 Degree Wide,"1,599",https://m.media-amazon.com/images/I/61iBaAQ97yL._AC_UY218_.jpg,https://www.amazon.in/JK-Vision-Action-Underwater-Waterproof/dp/B0FF9WMZWC/ref=sr_1_148?tag=nira6studio-21
"Cameras for Photography,4K Digital Camera 48MP WiFi Vlogging Camera for YouTube,Auto Focus Point and Shoot Camera,18X Zoom,Anti-Shake Video Camera,Travel Compact Camera for Beginners-Black","Digital Camera 48MP WiFi Vlogging Camera for YouTube,Auto Focus",,https://m.media-amazon.com/images/I/71Hqr-HF6zL._AC_UY218_.jpg,https://www.amazon.in/Cameras-Photography-Vlogging-Anti-Shake-Beginners-Black/dp/B0D5L1FVT9/ref=sr_1_149?tag=nira6studio-21
"VETEK Digital Cameras for Photography, 4K 48MP Vlogging Camera 16X Digital Zoom Manual Focus Students Compact Camera with 52mm Wide-Angle Lens & Macro Lens, 32G Micro Card and 2 Batteries (Pink)","for Photography, 4K 48MP Vlogging Camera 16X Digital Zoom","15,938",https://m.media-amazon.com/images/I/71JfxR92onL._AC_UY218_.jpg,https://www.amazon.in/Photography-Vlogging-Rechargeable-Wide-Angle-Batteries/dp/B097LKTW2W/ref=sr_1_150?tag=nira6studio-21
"PICO Silicon Cover for Nikon Z6 Camera Case, Professional Silicone Rubber Camera Case Cover Detachable Protective for Nikon Z6 (Black)","for Nikon Z6 Camera Case, Professional Silicone Rubber Camera",999,https://m.media-amazon.com/images/I/71rCZmMC5qL._AC_UY218_.jpg,https://www.amazon.in/PICO-Professional-Silicone-Detachable-Protective/dp/B0GTF8RQYX/ref=sr_1_151?tag=nira6studio-21
"NBD Digital Cameras for Photography 48MP Autofocus Vlogging Camera 5K, for YouTube with 32GB TF Card & 2 Batteries,16X Zoom Anti-Shake MC-US-S100F-BB-N5-B-2511","for Photography 48MP Autofocus Vlogging Camera 5K, for YouTube","24,124
.",https://m.media-amazon.com/images/I/81gfbKnYZoL._AC_UY218_.jpg,https://www.amazon.in/Photography-Autofocus-Batteries-Anti-Shake-MC-US-S100F-BB-N5-B-2511/dp/B0FQSJ5BBX/ref=sr_1_152?tag=nira6studio-21
FREDI HD PLUS Full HD 1080p Pocket Pen Camera | 30FPS Smooth Video | JPG Photo Mode | 170mAh Battery | 128 GB SD Card Support | Compact Design for Personal and Professional Use,Full HD 1080p Pocket Pen Camera | 30FPS Smooth,"2,821",https://m.media-amazon.com/images/I/51+z4avL5hL._AC_UY218_.jpg,https://www.amazon.in/FREDI-HD-PLUS-Personal-Professional/dp/B0FF4F4GQB/ref=sr_1_153?tag=nira6studio-21
"Video Camera, 4K Camcorder 36MP Vlogging Camera for YouTube, 3"" IPS Screen 18X Digital Zoom, with Fill Light, Mic, Battery and 32GB Card","Camcorder 36MP Vlogging Camera for YouTube, 3"" IPS Screen","10,543",https://m.media-amazon.com/images/I/81+6DJIJaCL._AC_UY218_.jpg,https://www.amazon.in/Hojocojo-Camcorder-Vlogging-YouTube-Digital/dp/B0DZX4J839/ref=sr_1_154?tag=nira6studio-21
"4K Digital Camera, 2.8 inch 180 Flip Screen Vlog Camera with 28X Zoom 68MP Sensor, for Selfies and Professional Photography",2.8 inch 180 Flip Screen Vlog Camera with 28X,"9,022",https://m.media-amazon.com/images/I/61NvhCVNHgL._AC_UY218_.jpg,https://www.amazon.in/Wisoqu-Digital-Selfies-Professional-Photography/dp/B0GMRZS86Y/ref=sr_1_157?tag=nira6studio-21
"SJCAM ZV100 5K 80MP Digital Camera | 18X Digital Zoom with 5 Preset Modes, 750mAh Digital Point and Shoot Camera for Vlogging Beginners (Black)",80MP Digital Camera | 18X Digital Zoom with 5,"7,539",https://m.media-amazon.com/images/I/61SuBgnfu5L._AC_UY218_.jpg,https://www.amazon.in/SJCAM-ZV100-Digital-Vlogging-Beginners/dp/B0FN7NVZJ3/ref=sr_1_158?tag=nira6studio-21
"GOWENIC Digital Camera, 16MP 1080P HD Video 16X Digital Zoom with 2.4 Inch Screen Anti Shake Face Detection, for Beginners Students Photography Travel",16MP 1080P HD Video 16X Digital Zoom with 2.4,"6,321",https://m.media-amazon.com/images/I/61xND1HH3+L._AC_UY218_.jpg,https://www.amazon.in/GOWENIC-Detection-Beginners-Students-Photography/dp/B0FN6RYZTY/ref=sr_1_159?tag=nira6studio-21
"Dpofirs 8K Digital Camera, 2.7 Inch 68MP IPS Vlogging Selfie Dual Screen Camera with 16X Digital Zoom, 20 Built-in Beauty Filters, 750mAh WiFi Digital Video Camera","Camera, 2.7 Inch 68MP IPS Vlogging Selfie Dual Screen","8,058
.",https://m.media-amazon.com/images/I/71E5+zstzRL._AC_UY218_.jpg,https://www.amazon.in/Dpofirs-Digital-Camera-Vlogging-Filters/dp/B0CCSTLM29/ref=sr_1_160?tag=nira6studio-21
"5K UHD Digital Camera for Photography, Autofocus 80MP Point & Shoot Vlog Camera for YouTube, 3"" 270° Flip Screen Dual Lens Selfie with18x Digital Zoom, 64GB SD Card, 2 Batteries & Charger,Black","Camera for Photography, Autofocus 80MP Point & Shoot Vlog","17,858",https://m.media-amazon.com/images/I/71X+CK-eteL._AC_UY218_.jpg,https://www.amazon.in/Digital-Photography-Autofocus-YouTube-Batteries/dp/B0FPGD2L81/ref=sr_1_161?tag=nira6studio-21
"5K 30FPS 48MP WiFi Ultra HD Sports Action Camera | 2"" / 1.4"" Dual Touch Screen | 170 Degree Wide Angle | EIS Stabilization |30M Waterproof |Built in Mic| 2 x 1350mAh Battery with Accessories Kit","WiFi Ultra HD Sports Action Camera | 2"" /","8,490",https://m.media-amazon.com/images/I/513rSqqGVIL._AC_UY218_.jpg,https://www.amazon.in/AJUK-Camera-Stabilization-Waterproof-Accessories/dp/B0CM5XDVVX/ref=sr_1_162?tag=nira6studio-21
"4K Digital Camera for Photography, 64MP Point and Shoot Digital Cameras with 16X Digital Zoom, 2.4‘’ 180°Flip Screen Compact Travel Camera Auto Focus Vlogging Camera for YouTube Video (Black)","for Photography, 64MP Point and Shoot Digital Cameras with","7,591",https://m.media-amazon.com/images/I/71xAHIsj5+L._AC_UY218_.jpg,https://www.amazon.in/Digital-Photography-Cameras-180%C2%B0Flip-Vlogging/dp/B0FY1H1XDC/ref=sr_1_163?tag=nira6studio-21
"C7 8K 68MP Digital Camera - 2.7in Timer Shoot Beauty Camera, Filter Video Recording, Portable Daily Travel, 16X Zoom (Black)","Digital Camera - 2.7in Timer Shoot Beauty Camera, Filter","6,653
.",https://m.media-amazon.com/images/I/71JZqNaMNoL._AC_UY218_.jpg,https://www.amazon.in/Digital-Camera-Recording-Compact-Portable/dp/B0CFPYZRL9/ref=sr_1_164?tag=nira6studio-21
"5K Digital Camera for Photography & Video – 75MP UHD Vlogging Camera with WiFi, Autofocus, 3"" Flip Screen, 18X Zoom – Compact (Starter Kit, Black)",for Photography & Video – 75MP UHD Vlogging Camera,"16,000",https://m.media-amazon.com/images/I/61rrvTcNclL._AC_UY218_.jpg,https://www.amazon.in/Digital-Camera-Photography-Video-Autofocus/dp/B0F4FQT28X/ref=sr_1_163?tag=nira6studio-21
"Digital Camera, 4K Cameras for Photography, Digital Point and Shoot Camera with 56Mp Autofocus 20X Zoom Anti Shake, 32GB SD Card with Camera for Adults, Teens, Beginners(Pink)","Cameras for Photography, Digital Point and Shoot Camera with","6,999",https://m.media-amazon.com/images/I/61x1SM-rTfL._AC_UY218_.jpg,https://www.amazon.in/Digital-Cameras-Photography-Autofocus-Beginners/dp/B0DRT36354/ref=sr_1_164?tag=nira6studio-21
"Action Camera 4K 30FPS, WiFi, Waterproof Camera Underwater 98ft?170 Degree Wide Angle Sports Camera, Multifunctional Accessories Package","30FPS, WiFi, Waterproof Camera Underwater 98ft?170 Degree Wide Angle","2,190",https://m.media-amazon.com/images/I/61iBC96cgtL._AC_UY218_.jpg,https://www.amazon.in/Camera-Waterproof-Underwater-Multifunctional-Accessories/dp/B0BSS5PW98/ref=sr_1_165?tag=nira6studio-21
"ORLOV® 4K Action Camera 60fps with Anti-Shake EIS Stabilization, 24MP Photo Resolution, 4X Digital Zoom, Remote Control, WiFi, Dual Touch Screen for Travelling,Diving,Vlogging","Camera 60fps with Anti-Shake EIS Stabilization, 24MP Photo Resolution,","7,990",https://m.media-amazon.com/images/I/518KjocwBFL._AC_UY218_.jpg,https://www.amazon.in/Action-Camera-Anti-Shake-Stabilization-Resolution/dp/B0BVG86YL9/ref=sr_1_166?tag=nira6studio-21
TechKing Action Camera 1080P 12MP Sports Camera Full HD 2.0 Inch Action Cam 30m/98ft Underwater Waterproof Camera with Mounting Accessories with 3 Year Warranty,1080P 12MP Sports Camera Full HD 2.0 Inch Action,"1,629",https://m.media-amazon.com/images/I/71XuWvkGmgL._AC_UY218_.jpg,https://www.amazon.in/TechKing-Underwater-Waterproof-Mounting-Accessories/dp/B09NL2SL34/ref=sr_1_167?tag=nira6studio-21
"64MP 4K Digital Camera with Autofocus, 18X Zoom, Large 2.8 Inch Screen, LED Fill Light, Retro Style, Multiple Filters, Vlogging Camera (Light Green and White)","Camera with Autofocus, 18X Zoom, Large 2.8 Inch Screen,","5,897
.",https://m.media-amazon.com/images/I/61bvZQnTvlL._AC_UY218_.jpg,https://www.amazon.in/Wisoqu-Digital-Autofocus-Multiple-Vlogging/dp/B0FXVPL13M/ref=sr_1_168?tag=nira6studio-21
"4K Digital Camera, Autofocus Vlogging Cameras for Photography with 32GB Card, 50MP Portable Compact Point and Shoot Digital Camera for Beginner Teens Adult with 16X Zoom Anti-Shake, 2 Batteries","Autofocus Vlogging Cameras for Photography with 32GB Card, 50MP","14,917
.",https://m.media-amazon.com/images/I/71G0Nqz3SRL._AC_UY218_.jpg,https://www.amazon.in/Autofocus-Vlogging-Anti-Shake-Batteries-Beginners/dp/B0DGQ3Q1LW/ref=sr_1_169?tag=nira6studio-21
"UltraHD 4K Action Camera | Waterproof, WiFi, EIS | 170° Wide-Angle Lens | 24MP Photos | 4k @ 60fps Video| Vlogging, Motovlogging, Sports, YouTube,Bike & Helmet Camera","Camera | Waterproof, WiFi, EIS | 170° Wide-Angle Lens","5,980",https://m.media-amazon.com/images/I/51JTYLcvwpL._AC_UY218_.jpg,https://www.amazon.in/V88R-Camera-Waterproof-Vlogging-Motovlogging/dp/B0CD7CSJ2K/ref=sr_1_170?tag=nira6studio-21
"Digital Camera,64MP Cameras for Photography with 64GB Card",for Photography with 64GB Card,"8,599",https://m.media-amazon.com/images/I/71hI2USpf9L._AC_UY218_.jpg,https://www.amazon.in/Digital-Camera-64MP-Cameras-Photography/dp/B0GWRRMXL4/ref=sr_1_173?tag=nira6studio-21
"1080P Digital Camera for Photography, 16MP Vlogging Camera Digital Camera with 16X Digital Zoom with 2.4 Inch 360° Flip Screen, Compact Travel Camera for","for Photography, 16MP Vlogging Camera Digital Camera with 16X","4,631
.",https://m.media-amazon.com/images/I/61iL2js0DeL._AC_UY218_.jpg,https://www.amazon.in/Digital-Camera-Photography-Vlogging-Compact/dp/B0D2V9C77Y/ref=sr_1_174?tag=nira6studio-21
"4K Digital Camera with Viewfinder & Dial, 48MP Vlogging Camera for Photography and Video Autofocus Anti-Shake, Travel Portable Digital Camera with Flash SD Card 2 Batteries, 16X Zoom Camera","with Viewfinder & Dial, 48MP Vlogging Camera for Photography","12,299",https://m.media-amazon.com/images/I/71Vt9rvP0wL._AC_UY218_.jpg,https://www.amazon.in/Bifevsr-Viewfinder-Photography-Autofocus-Anti-Shake/dp/B0DKHSSM4W/ref=sr_1_175?tag=nira6studio-21
"2.7K Digital Camera, 8X Digital Zoom 48MP Vlog Camera, 2.4 Inch Screen, Built in Fill Light, Support USB Data Transmission, Autofocus, Compact Travel Video Camera (Pink)","8X Digital Zoom 48MP Vlog Camera, 2.4 Inch Screen,","7,099",https://m.media-amazon.com/images/I/619f9JfNRPL._AC_UY218_.jpg,https://www.amazon.in/Wisoqu-Digital-Support-Transmission-Autofocus/dp/B0DFCQVRJ1/ref=sr_1_176?tag=nira6studio-21
"GOWENIC Digital Camera, 50MP 1080P HD Autofocus, Vintage Digital Camera with 16X Zoom, Support Video and Photo Transfer, Playback, Fill Light, Function","50MP 1080P HD Autofocus, Vintage Digital Camera with 16X","8,475",https://m.media-amazon.com/images/I/71hAfme1-RL._AC_UY218_.jpg,https://www.amazon.in/GOWENIC-Autofocus-Transfer-Playback-Function/dp/B0DD45MYDH/ref=sr_1_177?tag=nira6studio-21
"HIKVISION 5 MP Outdoor Bullet CCTV Ethernet Camera with inbuilt Audio Mic IP67 DS-2CE16H0T-ITPFS + BNC/DC, 1080p White",Outdoor Bullet CCTV Ethernet Camera with inbuilt Audio Mic,"1,614",https://m.media-amazon.com/images/I/51xYZ9NWu7L._AC_UY218_.jpg,https://www.amazon.in/Hikvision-Outdoor-inbuilt-DS-2CE16H0T-ITPFS-USEWELL/dp/B09CY8MHSC/ref=sr_1_178?tag=nira6studio-21
"4K Digital Camera, Video Camera for Vlogging, HD Camcorder, 64MP 18X Digital Zoom, 2.88in Screen, with LED Fill Light and USB Port, Catch Wonderful Moments, Autofocus (Black)","Video Camera for Vlogging, HD Camcorder, 64MP 18X Digital",,https://m.media-amazon.com/images/I/61jLEB+sAcL._AC_UY218_.jpg,https://www.amazon.in/Wisoqu-Vlogging-Camcorder-Wonderful-Autofocus/dp/B0DNQWNP6J/ref=sr_1_179?tag=nira6studio-21
"ROCKTECH UltraHD 4K Action Camera | Waterproof, WiFi, EIS | 170° Wide-Angle Lens | 24MP Photos | 4k @ 60fps Video| Vlogging, Motovlogging, Sports, YouTube,Bike & Helmet Camera","Action Camera | Waterproof, WiFi, EIS | 170° Wide-Angle","5,999",https://m.media-amazon.com/images/I/51EefJOnXLL._AC_UY218_.jpg,https://www.amazon.in/ROCKTECH-Camera-Waterproof-Vlogging-Motovlogging/dp/B0CD792XTJ/ref=sr_1_180?tag=nira6studio-21
"Elevea ( Hour with 15 Year Warranty Limited Deal 1080p 12MP Sports Waterproof Camera with Micro SD Card Slot, 2 inch LCD Wide Angle and Multi Language Action Video up to 30M",with 15 Year Warranty Limited Deal 1080p 12MP Sports,"1,629",https://m.media-amazon.com/images/I/71XuWvkGmgL._AC_UY218_.jpg,https://www.amazon.in/Elevea-Sports-Waterproof-Language-Warranty/dp/B0B19YPM2B/ref=sr_1_179?tag=nira6studio-21
VYNEX 4K Ultra HD Action Camera with WiFi | 30m Waterproof Sports Cam with 170° Wide Angle| 30fps Recording | Micro HDMI Port | Ideal for Outdoor & Underwater Adventures |,HD Action Camera with WiFi | 30m Waterproof Sports,"1,849",https://m.media-amazon.com/images/I/41uR6OgtQpL._AC_UY218_.jpg,https://www.amazon.in/VYNEX-Waterproof-Recording-Underwater-Adventures/dp/B0FC69D31T/ref=sr_1_180?tag=nira6studio-21
"2026 New 4K Digital Camera, 4K Retro CCD Digital Point and Shoot Camera with 2.4in Flip Screen & 18X Zoom & 48MP & Selfie & Video for Students Teens Adult Home Outdoor (White)","Digital Camera, 4K Retro CCD Digital Point and Shoot","10,053
.",https://m.media-amazon.com/images/I/711QdzPz-oL._AC_UY218_.jpg,https://www.amazon.in/Oreilet-Digital-Camera-Students-Outdoor/dp/B0GS3KCCHW/ref=sr_1_181?tag=nira6studio-21
"Elevea { 12 Years Warranty Offer ) 1080p 12MP Sports Waterproof Camera with cro SD Card Slot, 2 inch LCD Wide Angle and Multi Language Action Video up to 30M",Years Warranty Offer ) 1080p 12MP Sports Waterproof Camera,"1,629",https://m.media-amazon.com/images/I/71XuWvkGmgL._AC_UY218_.jpg,https://www.amazon.in/Elevea-Warranty-Sports-Waterproof-Language/dp/B09QCV6M7W/ref=sr_1_183?tag=nira6studio-21
"Minolta 48MP Digital Camera - 4K Ultra Slim HD Video, 2.9” IPS LCD Display, Autofocus Lens with Digital Image Stabilization, 4X Digital Zoom, Compact Travel Camera for Vlogging (Blue)","Camera - 4K Ultra Slim HD Video, 2.9” IPS","21,889",https://m.media-amazon.com/images/I/51g9dR2QywL._AC_UY218_.jpg,https://www.amazon.in/Minolta-48MP-Digital-Camera-Stabilization/dp/B0FZW33GZ8/ref=sr_1_184?tag=nira6studio-21
"Drumstone 4K WiFi 16MP Sports Action Camera 30M Underwater Waterproof Camera with Adjustable View Angle WiFi, 170 Degree HD Wide Angle Lens, 16 MP Image Sensor",16MP Sports Action Camera 30M Underwater Waterproof Camera with,"3,099",https://m.media-amazon.com/images/I/61gHXZSanWL._AC_UY218_.jpg,https://www.amazon.in/Drumstone-Sports-Underwater-Waterproof-Adjustable/dp/B0BGXMWL4V/ref=sr_1_185?tag=nira6studio-21
"Exxelo (New of The Day Ultra HD 4K WiFi Action Camera 100Feet Waterproof Sport Camera with 2 Inch LCD Screen, 16MP 170 Degree Wide Angle",The Day Ultra HD 4K WiFi Action Camera 100Feet,"3,099",https://m.media-amazon.com/images/I/41kBZT3btJL._AC_UY218_.jpg,https://www.amazon.in/Exxelo-Action-Camera-100Feet-Waterproof/dp/B0B1979TKG/ref=sr_1_186?tag=nira6studio-21
"Digital Camera, Autofocus 48MP 4K Camera for Photography with 32GB Card, Portable Compact Point and Shoot Digital Camera for Teens Adult Beginner Kids with Metal Shell, 2000 mAh Battery","48MP 4K Camera for Photography with 32GB Card, Portable","7,558
.",https://m.media-amazon.com/images/I/71McWj50FUL._AC_UY218_.jpg,https://www.amazon.in/Vitaler-Autofocus-Photography-Portable-Beginner/dp/B0FC6D7GGZ/ref=sr_1_189?tag=nira6studio-21
"QIWA 4K Action Camera- Underwater Camera IPX8 Waterproof, 170-Degree Wide-Angle Lens, EIS, Wi-Fi and Remote Control, Perfect for Scuba Diving, Snorkeling, and Vlogging","Camera- Underwater Camera IPX8 Waterproof, 170-Degree Wide-Angle Lens, EIS,","6,999",https://m.media-amazon.com/images/I/51xTMAfLzZL._AC_UY218_.jpg,https://www.amazon.in/QIWA-Underwater-Waterproof-170-Degree-Wide-Angle/dp/B0C3QW8TCS/ref=sr_1_190?tag=nira6studio-21
"Qubo Car Dashcam Pro 3K [2026 Edition] Sony STARVIS 2 IMX675 Sensor| Dual Channel | Hero Group | NightPulse Vision | 5MP UHD Front Wide, 2MP FHD Rear | 3.2"" LCD| Built-in GPS, Wi-Fi, Mic|1TB Storage",Pro 3K [2026 Edition] Sony STARVIS 2 IMX675 Sensor|,"10,990",https://m.media-amazon.com/images/I/61AGRX-pM8L._AC_UY218_.jpg,https://www.amazon.in/Qubo-Dashcam-STARVIS-Channel-NightPulse/dp/B0G64T8HFX/ref=sr_1_191?tag=nira6studio-21
New 4K 30Fps Action Digital Camera Ultra Hd Underwater Digital Camera 170 Degree Wide Angle 98Ft Waterproof Digital Camera 1.4,Action Digital Camera Ultra Hd Underwater Digital Camera 170,"1,799",https://m.media-amazon.com/images/I/51yyQiEVvNL._AC_UY218_.jpg,https://www.amazon.in/Action-Digital-Camera-Underwater-Waterproof/dp/B0D66TKJV9/ref=sr_1_192?tag=nira6studio-21
"PTZ Camera,20X Optical Zoom with HDMI,SDI Camera Support PTZ Control and IP Live Streaming Output for Conferencing, Church","Zoom with HDMI,SDI Camera Support PTZ Control and IP","63,253",https://m.media-amazon.com/images/I/71WGmB2KWBL._AC_UY218_.jpg,https://www.amazon.in/Cameras-Support-Control-Streaming-Conferencing/dp/B0CH3BT4T8/ref=sr_1_193?tag=nira6studio-21
4K 50MP Digital Camera with Multiple Filters 2.8 Inch HD Screen 16x Digital Zoom AF Auto Focus Fill Light for Campus Photography (White),Camera with Multiple Filters 2.8 Inch HD Screen 16x,"6,740
.",https://m.media-amazon.com/images/I/6157XImGp8L._AC_UY218_.jpg,https://www.amazon.in/Wisoqu-Digital-Multiple-Filters-Photography/dp/B0FXSV46D3/ref=sr_1_194?tag=nira6studio-21
"GOWENIC Digital Camera, 2.5K 48MP Autofocus Vlogging Camera 16X Digital Zoom Point and Shoot Cameras for Teens Beginners, with Speaker and Microphone (Black)",2.5K 48MP Autofocus Vlogging Camera 16X Digital Zoom Point,"5,066",https://m.media-amazon.com/images/I/617S8SgSYEL._AC_UY218_.jpg,https://www.amazon.in/GOWENIC-Autofocus-Vlogging-Beginners-Microphone/dp/B0DG5YTJ1Z/ref=sr_1_195?tag=nira6studio-21
"AKASO V50X - Action Camera for Bike with 4k30FPS Touch Screen, Waterpoof Mini Vlogging Camera for Photo and Video, Remote Control 5X Zoom with Helmet Camera Accessories Kit","Action Camera for Bike with 4k30FPS Touch Screen, Waterpoof","11,499",https://m.media-amazon.com/images/I/610wUbRF2vL._AC_UY218_.jpg,https://www.amazon.in/AKASO-V50X-Waterpoof-Vlogging-Accessories/dp/B0BLZC697H/ref=sr_1_196?tag=nira6studio-21
"16MP Digital Camera with 16x Optical Zoom Optical Image Stabilization 1080P Full HD Video Vlogging 2.4"" LCD Camera (excluding S-D card)",with 16x Optical Zoom Optical Image Stabilization 1080P Full,"6,572
.",https://m.media-amazon.com/images/I/61jY7nHWEyL._AC_UY218_.jpg,https://www.amazon.in/Digital-Optical-Stabilization-Vlogging-excluding/dp/B0DRV23X93/ref=sr_1_195?tag=nira6studio-21
"Digital Camera, FHD 1080P & 44MP, 16X Zoom, Face Detect, Smile Capture, Anti Shake, Compact Point and Shoot Camera, White","1080P & 44MP, 16X Zoom, Face Detect, Smile Capture,","4,363
.",https://m.media-amazon.com/images/I/61vxPfVzALL._AC_UY218_.jpg,https://www.amazon.in/Gtonster-Digital-Camera-Capture-Compact/dp/B0DQBKY7Y6/ref=sr_1_196?tag=nira6studio-21
"4K Action Camera with 16.0 Mega Pixels CMOS Sensor Image, 4K @ 30 FPS Video,Water Resistant Support 32 G TF Card","with 16.0 Mega Pixels CMOS Sensor Image, 4K @","1,599",https://m.media-amazon.com/images/I/51yyQiEVvNL._AC_UY218_.jpg,https://www.amazon.in/Action-Camera-Pixels-Resistant-Support/dp/B0D17LXM7P/ref=sr_1_197?tag=nira6studio-21
"4K Digital Camera 48MP with Autofocus for Photography & YouTube | Compact Vlogging Camera for Travel with Flash, 18X Zoom, Anti-Shake, 32GB SD Card & 2 Batteries | Vintage Style Video Camera",48MP with Autofocus for Photography & YouTube | Compact,"7,299",https://m.media-amazon.com/images/I/71kxgVXzpJL._AC_UY218_.jpg,https://www.amazon.in/Autofocus-Photography-Vlogging-Anti-Shake-Batteries/dp/B0FV38K4VW/ref=sr_1_198?tag=nira6studio-21
"4K Action Camera with Accessories Kit | WiFi | 16 MP | 170 Degree Wide Angle Lens | 30m Underwater Waterproof Underwater Camera for YouTube Vlogging, Bike Helmet Motovlogging & Travel Vlog",with Accessories Kit | WiFi | 16 MP |,"2,199",https://m.media-amazon.com/images/I/610A-jBM4hL._AC_UY218_.jpg,https://www.amazon.in/AUSEK-Camera-Accessories-Underwater-Motovlogging/dp/B0CZNBF9M3/ref=sr_1_199?tag=nira6studio-21
"4K Digital Camera for Photography, Autofocus Anti-Shake 64MP Vlogging Camera for YouTube Video, Rear and Front Cameras, 16X Zoom Compact Camera for Teens with 2 Batteries, 32GB Card (Black)","for Photography, Autofocus Anti-Shake 64MP Vlogging Camera for YouTube","7,546",https://m.media-amazon.com/images/I/71kEpNxSmXL._AC_UY218_.jpg,https://www.amazon.in/EJXHKNF-Photography-Autofocus-Anti-Shake-Batteries/dp/B0FX9CQ42Z/ref=sr_1_200?tag=nira6studio-21
"Action Camera 4K Vlogging Camera with 16.0 MP Image, 4K @ 30 FPS Video, Support 32 G TF Card, 170 Degree Angle, Support Wi-Fi","Vlogging Camera with 16.0 MP Image, 4K @ 30","1,699",https://m.media-amazon.com/images/I/61DcmQm2T+L._AC_UY218_.jpg,https://www.amazon.in/Action-Camera-Vlogging-Support-Degree/dp/B0BB7QK66L/ref=sr_1_201?tag=nira6studio-21
Drumstone (with 12 Years Warranty) Full Hd 1080Paction Camera with 170 Ultra Wide-Angle Lens & Full Accessories Waterproof Digital Cam,Years Warranty) Full Hd 1080Paction Camera with 170 Ultra,"1,629",https://m.media-amazon.com/images/I/71lXxXbn0dL._AC_UY218_.jpg,https://www.amazon.in/Drumstone-1080Paction-Wide-Angle-Accessories-Waterproof/dp/B0CFYNSR4J/ref=sr_1_202?tag=nira6studio-21
"Poly By Plantronics Studio P5 Professional Webcam - 1080P Hd Laptop Camera For Video Conference & Distance Learning - Monitor & Tripod Mount - Privacy Shutter-Works W/Teams, Zoom (Certified) - Digital",Studio P5 Professional Webcam - 1080P Hd Laptop Camera,"2,231",https://m.media-amazon.com/images/I/617q2N3QquL._AC_UY218_.jpg,https://www.amazon.in/Poly-Studio-Professional-Webcam-Plantronics/dp/B08TLJPZP8/ref=sr_1_205?tag=nira6studio-21
"LEQTRONIQ 4K Digital 48 MP Camera with 32GB SD Card, 16x Digital Zoom & Autofocus for Recording, Vlogging, Streaming with 1 Year Warranty (2 Batteries)","48 MP Camera with 32GB SD Card, 16x Digital","7,589",https://m.media-amazon.com/images/I/41YfHy2hMuL._AC_UY218_.jpg,https://www.amazon.in/LEQTRONIQ-Autofocus-Recording-Streaming-Batteries/dp/B0CH1GSB5C/ref=sr_1_206?tag=nira6studio-21
"ROCKTECH 4K Action Camera with Accessories Kit | WiFi | 16 MP | 170 Degree Wide Angle Lens | 30m Underwater Waterproof Underwater Camera for YouTube Vlogging, Bike Helmet Motovlogging & Travel Vlog",Camera with Accessories Kit | WiFi | 16 MP,"2,199",https://m.media-amazon.com/images/I/51-aYRyvqwL._AC_UY218_.jpg,https://www.amazon.in/ROCKTECH-Camera-Accessories-Underwater-Motovlogging/dp/B0CZNDVVQ8/ref=sr_1_207?tag=nira6studio-21
"SMARTKLIK Digital Camera for Teens, FHD 4K 44MP Digital Camera Autofocus with 64GB SD Card 16X Zoom, Cameras for Photography Compact Point and Shoot Camera for Teen Boy Girl Kids Camera Beginner","for Teens, FHD 4K 44MP Digital Camera Autofocus with","7,250
.",https://m.media-amazon.com/images/I/71LG+mRXZAL._AC_UY218_.jpg,https://www.amazon.in/Digital-Autofocus-Cameras-Photography-Beginner/dp/B0CSN9B2DF/ref=sr_1_208?tag=nira6studio-21
"XUMIUZIY 50MP Digital Camera, 1080P 16X Zoom Auto Focus Digital Camera with 2.4in TFT Screen, Protable Vlogging for Student (Silver)","Camera, 1080P 16X Zoom Auto Focus Digital Camera with","9,718
.",https://m.media-amazon.com/images/I/61zDHvn4M5L._AC_UY218_.jpg,https://www.amazon.in/XUMIUZIY-Digital-Protable-Vlogging-Student/dp/B0GT125Q8S/ref=sr_1_209?tag=nira6studio-21
"ORLOV 4K Action Camera with Accessories Kit | WiFi | 170 Degree Wide Angle Lens | 30m Underwater Waterproof Vlogging Camera for YouTube Vlog, Bike Helmet Motovlogging & Travel Pro Cam",Camera with Accessories Kit | WiFi | 170 Degree,"2,180",https://m.media-amazon.com/images/I/610A-jBM4hL._AC_UY218_.jpg,https://www.amazon.in/ORLOV-Camera-Accessories-Waterproof-Motovlogging/dp/B0CZNH3564/ref=sr_1_210?tag=nira6studio-21
"AARKRI SALES Dummy CCTV Camera with Flashing Red LED Light – Realistic Bullet Design for Indoor & Outdoor Use – Waterproof, Wall Mount – Ideal for Home, Office, Storefront Security (Pack of 2)",CCTV Camera with Flashing Red LED Light – Realistic,599,https://m.media-amazon.com/images/I/61UDbwnUPpL._AC_UY218_.jpg,https://www.amazon.in/AARKRI-SALES-Dummy-Camera-Flashing/dp/B0F638RMJ5/ref=sr_1_211?tag=nira6studio-21
"VYNEX 4K WiFi Action Camera | Ultra HD Waterproof Sports Camcorder with 170° Wide Angle Lens | Outdoor, Adventure & Underwater Recording",Action Camera | Ultra HD Waterproof Sports Camcorder with,"1,499",https://m.media-amazon.com/images/I/41sMVNgYixL._AC_UY218_.jpg,https://www.amazon.in/VYNEX-Waterproof-Camcorder-Adventure-Underwater/dp/B0FRMMQH4C/ref=sr_1_212?tag=nira6studio-21
"Femivo 4K Digital Camera, Autofocus, 48 Megapixels, 4K Resolution,HDMI Output, 16x Digital Zoom, 3-Inch Large Screen, Spare Battery 128 Gb","Camera, Autofocus, 48 Megapixels, 4K Resolution,HDMI Output, 16x Digital","6,667
.",https://m.media-amazon.com/images/I/81tbDPJ1v-L._AC_UY218_.jpg,https://www.amazon.in/Femivo-Digital-Autofocus-Megapixels-Resolution/dp/B0BCPCSTNB/ref=sr_1_211?tag=nira6studio-21
Exxelo (HOT 12 Years Warranty Waterproof Sports Action Camera 2 inch LCD Screen 16 MP Full HD 1080P with 170? Ultra Wide-Angle Lens,Years Warranty Waterproof Sports Action Camera 2 inch LCD,"1,629",https://m.media-amazon.com/images/I/7139kjKweHL._AC_UY218_.jpg,https://www.amazon.in/Exxelo-Warranty-Sports-Waterproof-Language/dp/B0B3V1CTJ9/ref=sr_1_212?tag=nira6studio-21
